Países,Deuda total (M.€),Deuda total (M.€).1,Deuda total (M.$),Deuda total (M.$).1,Deuda (%PIB),Deuda Per Cápita,Deuda Per Cápita.1,Fecha
España [+],569.535,,793.515,,"53,10%",12.252 €,17.070 $,
Alemania [+],1.804.696,,2.514.425,,"72,40%",22.062 €,30.738 $,
Reino Unido [+],1.101.852,,1.571.901,,"63,20%",17.627 €,25.146 $,
Francia [+],1.627.182,,2.267.126,,"84,10%",25.166 €,35.063 $,
Italia [+],1.839.806,,2.563.332,,"116,10%",30.823 €,42.944 $,
Portugal [+],153.624,,214.582,,"87,60%",14.529 €,20.294 $,
Estados Unidos [+],9.047.958,,12.606.230,,"87,07%",29.494 €,41.093 $,
Japón [+],6.621.157,,9.225.046,,"172,86%",51.910 €,72.324 $,
China [+],1.262.659,,1.759.222,,"33,99%",946 €,1.318 $,
Andorra [+],822,,1.231,,"33,51%",11.173 €,16.726 $,
Emiratos Árabes Unidos [+],38.463,,53.590,,"21,14%",5.678 €,7.911 $,
Afganistán [+],1.407,,1.960,,"16,25%",51 €,72 $,
Antigua y Barbuda [+],887,,1.236,,"89,15%",10.563 €,14.717 $,
Albania [+],5.158,,7.186,,"59,67%",1.767 €,2.462 $,
Armenia [+],2.520,,3.511,,"40,60%",776 €,1.081 $,
Angola [+],28.411,,39.584,,"48,45%",1.268 €,1.766 $,
Argentina [+],133.052,,185.377,,"55,40%",3.315 €,4.619 $,
Austria [+],231.173,,322.086,,"80,80%",27.680 €,38.566 $,
Australia [+],119.403,,166.361,,"16,57%",5.461 €,7.608 $,
Azerbaiyán [+],1.503,,2.094,,"4,73%",167 €,233 $,
Bosnia y Herzegovina [+],4.611,,6.425,,"36,37%",1.200 €,1.671 $,
Barbados [+],3.218,,4.483,,"83,47%",11.574 €,16.126 $,
Bangladés [+],29.085,,40.523,,"33,01%",199 €,278 $,
Bélgica [+],347.318,,483.776,,"99,90%",32.041 €,44.629 $,
Burkina Faso [+],1.753,,2.442,,"25,87%",112 €,155 $,
Bulgaria [+],5.112,,7.581,,"13,70%",689 €,1.021 $,
Baréin [+],3.516,,4.899,,"20,49%",2.985 €,4.159 $,
Burundi [+],327,,456,,"25,69%",37 €,51 $,
Benin [+],1.309,,1.824,,"18,75%",138 €,192 $,
Brunéi [+],95,,132,,"1,11%",249 €,347 $,
Bolivia [+],4.915,,6.848,,"34,12%",491 €,684 $,
Brasil [+],775.157,,1.080.001,,"64,70%",4.013 €,5.591 $,
Bahamas [+],2.214,,3.085,,"30,09%",6.381 €,8.890 $,
Bután [+],558,,777,,"61,04%",808 €,1.126 $,
Botsuana [+],1.704,,2.375,,"22,43%",856 €,1.193 $,
Bielorrusia [+],11.881,,16.553,,"32,55%",1.253 €,1.746 $,
Belice [+],845,,1.177,,"69,73%",2.682 €,3.737 $,
Canadá [+],808.191,,1.126.026,,"81,80%",24.032 €,33.483 $,
República Democrática del Congo [+],12.248,,17.065,,"91,62%",192 €,267 $,
República Centroafricana [+],301,,419,,"20,30%",65 €,91 $,
República del Congo [+],5.844,,8.143,,"83,84%",1.373 €,1.913 $,
Suiza [+],171.302,,238.670,,"42,37%",22.002 €,30.655 $,
Costa de Marfil [+],11.239,,15.659,,"46,48%",536 €,747 $,
Chile [+],7.207,,10.041,,"5,85%",428 €,596 $,
Camerún [+],2.254,,3.141,,"11,26%",118 €,164 $,
Colombia [+],59.043,,82.263,,"35,39%",1.354 €,1.886 $,
Costa Rica [+],5.743,,8.002,,"26,03%",1.285 €,1.791 $,
Cabo Verde [+],781,,1.089,,"58,79%",1.652 €,2.302 $,
Chipre [+],10.765,,13.745,,"57,60%",13.142 €,16.780 $,
Chequia [+],49.824,,69.233,,"33,40%",4.762 €,6.618 $,
Yibuti [+],302,,421,,"29,53%",365 €,509 $,
Dinamarca [+],100.049,,138.884,,"43,00%",18.076 €,25.093 $,
Dominica [+],220,,307,,"62,51%",3.102 €,4.322 $,
República Dominicana [+],12.739,,17.749,,"36,76%",1.358 €,1.892 $,
Argelia [+],9.626,,13.412,,"8,92%",273 €,380 $,
Ecuador [+],8.483,,11.819,,"19,67%",580 €,809 $,
Estonia [+],1.127,,1.570,,"8,00%",845 €,1.178 $,
Egipto [+],98.854,,137.731,,"69,45%",1.285 €,1.791 $,
Eritrea [+],1.928,,2.686,,"207,05%",667 €,930 $,
Etiopía [+],6.165,,8.590,,"29,96%",80 €,112 $,
Finlandia [+],80.200,,105.167,,"44,10%",14.987 €,19.652 $,
Fiyi [+],1.148,,1.599,,"51,50%",1.362 €,1.897 $,
Estados Federados de Micronesia [+],62,,86,,"31,12%",599 €,835 $,
Gabón [+],2.274,,3.168,,"25,99%",1.466 €,2.042 $,
Granada [+],504,,702,,"91,09%",4.802 €,6.690 $,
Georgia [+],2.673,,3.725,,"33,65%",603 €,840 $,
Ghana [+],6.766,,9.426,,"25,39%",272 €,379 $,
Gambia [+],405,,564,,"38,87%",216 €,301 $,
Guinea [+],2.973,,4.142,,"61,33%",281 €,391 $,
Guinea Ecuatorial [+],469,,654,,"4,34%",516 €,719 $,
Grecia [+],301.062,,419.459,,"128,50%",27.076 €,37.724 $,
Guatemala [+],6.212,,8.656,,"22,78%",437 €,609 $,
Guinea-Bisáu [+],946,,1.318,,"148,26%",653 €,910 $,
Guyana [+],975,,1.358,,"52,32%",1.298 €,1.808 $,
Hong Kong [+],1.037,,1.445,,"0,66%",148 €,207 $,
Honduras [+],2.491,,3.470,,"23,79%",304 €,424 $,
Croacia [+],22.099,,29.833,,"47,90%",5.136 €,6.933 $,
Haití [+],1.616,,2.251,,"19,41%",167 €,232 $,
Hungría [+],76.528,,102.276,,"78,20%",7.642 €,10.213 $,
Indonesia [+],109.975,,153.225,,"26,48%",469 €,654 $,
Irlanda [+],104.703,,145.879,,"61,80%",23.015 €,32.065 $,
Israel [+],110.995,,154.646,,"72,57%",14.835 €,20.669 $,
India [+],700.526,,976.021,,"72,74%",572 €,796 $,
Irak [+],70.025,,97.563,,"87,38%",2.322 €,3.235 $,
Irán [+],41.971,,58.477,,"11,49%",573 €,799 $,
Islandia [+],7.322,,16.940,,"87,90%",23.053 €,53.332 $,
Jamaica [+],12.618,,17.581,,"138,34%",4.698 €,6.545 $,
Jordania [+],10.209,,14.224,,"51,79%",1.506 €,2.098 $,
Kenia [+],10.930,,15.228,,"35,96%",290 €,404 $,
Kirguistán [+],1.969,,2.743,,"58,49%",368 €,513 $,
Camboya [+],2.123,,2.958,,"23,11%",149 €,207 $,
Kiribati [+],10,,14,,"10,28%",101 €,141 $,
Comoras [+],206,,287,,"31,77%",321 €,447 $,
San Cristóbal y Nieves [+],717,,999,,"129,07%",15.251 €,21.249 $,
Corea del Sur [+],203.097,,282.969,,"28,79%",4.119 €,5.739 $,
Kuwait [+],5.061,,7.052,,"6,65%",1.822 €,2.539 $,
Kazajistán [+],8.464,,11.793,,"10,23%",526 €,733 $,
Laos [+],2.392,,3.333,,"51,82%",384 €,535 $,
Líbano [+],36.714,,51.153,,"144,50%",7.416 €,10.332 $,
Santa Lucía [+],512,,714,,"50,24%",3.014 €,4.199 $,
Sri Lanka [+],25.977,,36.193,,"72,75%",1.291 €,1.799 $,
Liberia [+],1.659,,2.311,,"132,16%",442 €,616 $,
Lesoto [+],499,,695,,"35,87%",252 €,351 $,
Lituania [+],7.529,,10.490,,"27,90%",2.396 €,3.339 $,
Luxemburgo [+],5.969,,8.316,,"15,30%",11.889 €,16.564 $,
Letonia [+],6.957,,9.696,,"38,00%",3.281 €,4.572 $,
Libia [+],1.248,,1.739,,"2,76%",196 €,273 $,
Marruecos [+],30.755,,42.850,,"42,62%",968 €,1.348 $,
Moldavia [+],1.273,,1.773,,"32,61%",357 €,498 $,
Montenegro [+],1.308,,1.823,,"43,87%",2.113 €,2.944 $,
Madagascar [+],2.406,,3.352,,"34,86%",122 €,170 $,
Islas Marshall [+],45,,62,,"41,20%",856 €,1.192 $,
Macedonia del Norte [+],1.601,,2.231,,"23,73%",780 €,1.087 $,
Malí [+],1.608,,2.240,,"18,81%",104 €,145 $,
Myanmar [+],12.422,,17.307,,"56,42%",255 €,355 $,
Mongolia [+],1.597,,2.225,,"48,54%",588 €,819 $,
Mauritania [+],1.843,,2.568,,"54,34%",576 €,802 $,
Malta [+],4.153,,5.786,,"66,00%",10.030 €,13.974 $,
Mauricio [+],3.879,,5.405,,"56,84%",3.111 €,4.334 $,
Maldivas [+],814,,1.135,,"48,39%",2.585 €,3.602 $,
Malaui [+],1.470,,2.049,,"23,49%",96 €,134 $,
México [+],282.142,,393.100,,"41,67%",2.496 €,3.478 $,
Malasia [+],76.646,,106.788,,"50,41%",2.729 €,3.803 $,
Mozambique [+],3.462,,4.823,,"39,33%",151 €,211 $,
Namibia [+],1.014,,1.413,,"15,85%",492 €,685 $,
Níger [+],838,,1.167,,"15,94%",53 €,74 $,
Nigeria [+],18.707,,26.063,,"6,12%",116 €,161 $,
Nicaragua [+],1.742,,2.428,,"29,26%",303 €,423 $,
Países Bajos [+],355.057,,494.224,,"56,30%",21.421 €,29.817 $,
Noruega [+],123.464,,165.060,,"42,80%",25.414 €,33.976 $,
Nepal [+],4.153,,5.786,,"39,46%",153 €,213 $,
Nauru [+],100,,139,,"295,58%",9.951 €,13.865 $,
Nueva Zelanda [+],21.257,,29.617,,"24,28%",4.938 €,6.880 $,
Omán [+],2.311,,3.220,,"5,81%",802 €,1.117 $,
Panamá [+],7.881,,10.980,,"39,51%",2.189 €,3.050 $,
Perú [+],24.763,,34.501,,"28,18%",869 €,1.211 $,
Papúa Nueva Guinea [+],1.811,,2.523,,"21,72%",286 €,398 $,
Filipinas [+],62.962,,87.723,,"49,81%",688 €,958 $,
Pakistán [+],73.270,,102.085,,"54,57%",434 €,605 $,
Polonia [+],166.574,,219.156,,"49,70%",4.381 €,5.764 $,
Estado de Palestina [+],1.391,,1.938,,"23,96%",355 €,494 $,
Palaos [+],48,,67,,"36,60%",2.672 €,3.722 $,
Paraguay [+],2.397,,3.340,,"14,94%",426 €,593 $,
Catar [+],22.776,,31.733,,"35,98%",13.896 €,19.361 $,
Rumanía [+],27.288,,39.193,,"21,80%",1.345 €,1.931 $,
Serbia [+],11.908,,16.590,,"35,34%",1.630 €,2.271 $,
Rusia [+],93.107,,129.723,,"9,92%",656 €,914 $,
Ruanda [+],753,,1.049,,"18,72%",78 €,108 $,
Arabia Saudita [+],43.083,,60.027,,"13,99%",1.891 €,2.635 $,
Islas Salomón [+],100,,139,,"17,24%",181 €,252 $,
Seychelles [+],645,,899,,"106,13%",7.249 €,10.100 $,
Sudán [+],27.930,,38.914,,"71,00%",714 €,995 $,
Suecia [+],133.914,,178.865,,"41,30%",14.337 €,19.149 $,
Singapur [+],148.267,,206.575,,"101,69%",29.725 €,41.414 $,
Eslovenia [+],12.519,,17.442,,"34,90%",6.116 €,8.521 $,
Eslovaquia [+],23.321,,32.492,,"36,40%",4.326 €,6.028 $,
Sierra Leona [+],846,,1.179,,"31,07%",140 €,195 $,
San Marino [+],297,,414,,"20,07%",9.581 €,13.348 $,
Senegal [+],3.465,,4.828,,"29,94%",281 €,391 $,
Surinam [+],436,,608,,"14,65%",827 €,1.152 $,
Santo Tomé y Príncipe [+],101,,141,,"70,32%",570 €,794 $,
El Salvador [+],8.310,,11.578,,"65,78%",1.374 €,1.914 $,
Siria [+],12.083,,16.835,,"31,21%",573 €,798 $,
Eswatini [+],271,,377,,"10,61%",265 €,369 $,
Chad [+],2.108,,2.937,,"23,87%",182 €,254 $,
Togo [+],1.952,,2.719,,"57,65%",298 €,415 $,
Tailandia [+],83.776,,116.722,,"42,36%",1.230 €,1.713 $,
Tayikistán [+],1.320,,1.838,,"36,94%",177 €,246 $,
Timor Oriental [+],0,,0,,0%,0 €,0 $,
Turkmenistán [+],417,,581,,"3,09%",81 €,112 $,
Túnez [+],13.188,,18.374,,"40,30%",1.238 €,1.725 $,
Tonga [+],89,,124,,"39,73%",864 €,1.203 $,
Türkiye [+],203.897,,278.041,,"46,10%",2.810 €,3.832 $,
Trinidad y Tobago [+],5.309,,7.396,,"34,17%",4.019 €,5.599 $,
Tuvalu [+],4,,5,,"20,56%",391 €,544 $,
Taiwan [+],102.978,,143.476,,"36,71%",4.454 €,6.206 $,
Tanzania [+],5.032,,7.011,,"23,93%",120 €,167 $,
Ucrania [+],29.768,,41.475,,"34,12%",650 €,906 $,
Uganda [+],2.560,,3.566,,"14,79%",87 €,121 $,
Uruguay [+],11.456,,15.961,,"46,18%",3.391 €,4.725 $,
Uzbekistán [+],2.198,,3.062,,"6,57%",80 €,111 $,
San Vicente y las Granadinas [+],293,,409,,"57,25%",2.691 €,3.749 $,
Venezuela [+],27.543,,38.375,,"27,57%",980 €,1.365 $,
Viet Nam [+],33.495,,46.668,,"36,17%",385 €,536 $,
Vanuatu [+],89,,125,,"19,10%",382 €,532 $,
Samoa [+],148,,206,,"33,26%",802 €,1.117 $,
Yemen [+],8.990,,12.525,,"49,84%",347 €,483 $,
Sudáfrica [+],64.167,,89.402,,"27,00%",1.264 €,1.760 $,
Zambia [+],2.258,,3.146,,"20,52%",167 €,233 $,
Zimbabue [+],3.417,,2,,"39,74%",279 €,0 $,
España [+],649.153,,861.296,,"60,30%",13.910 €,18.456 $,2010.0
Alemania [+],2.119.242,,2.811.809,,"81,00%",26.417 €,35.050 $,2010.0
Reino Unido [+],1.385.818,,1.887.345,,"74,30%",21.989 €,29.947 $,2010.0
Francia [+],1.722.172,,2.285.014,,"86,30%",26.504 €,35.166 $,2010.0
Italia [+],1.921.444,,2.549.356,,"118,80%",32.052 €,42.526 $,2010.0
Portugal [+],179.653,,238.819,,"99,90%",16.992 €,22.588 $,2010.0
Estados Unidos [+],10.849.052,,14.394.512,,"95,65%",35.071 €,46.532 $,2010.0
Japón [+],7.822.020,,10.378.248,,"178,58%",61.304 €,81.338 $,2010.0
China [+],1.542.732,,2.046.896,,"33,34%",1.151 €,1.527 $,2010.0
Andorra [+],911,,1.206,,"35,02%",12.965 €,17.165 $,2010.0
Emiratos Árabes Unidos [+],42.532,,56.431,,"18,34%",6.107 €,8.102 $,2010.0
Afganistán [+],889,,1.180,,"7,70%",32 €,42 $,2010.0
Antigua y Barbuda [+],777,,1.030,,"79,40%",9.136 €,12.122 $,2010.0
Albania [+],5.193,,6.890,,"57,72%",1.786 €,2.370 $,2010.0
Armenia [+],2.790,,3.701,,"39,97%",855 €,1.134 $,2010.0
Angola [+],23.472,,31.142,,"32,59%",1.008 €,1.337 $,2010.0
Argentina [+],139.104,,184.563,,"43,45%",3.410 €,4.525 $,2010.0
Austria [+],245.985,,326.372,,"83,70%",29.371 €,38.969 $,2010.0
Australia [+],192.426,,255.311,,"20,29%",8.679 €,11.515 $,2010.0
Azerbaiyán [+],1.986,,2.635,,"4,98%",218 €,289 $,2010.0
Bosnia y Herzegovina [+],5.473,,7.262,,"42,21%",1.424 €,1.890 $,2010.0
Barbados [+],3.719,,4.934,,"90,33%",13.282 €,17.623 $,2010.0
Bangladés [+],30.831,,40.907,,"29,62%",209 €,277 $,2010.0
Bélgica [+],364.353,,483.130,,"100,30%",33.121 €,43.918 $,2010.0
Burkina Faso [+],1.807,,2.397,,"23,69%",112 €,148 $,2010.0
Bulgaria [+],5.857,,7.145,,"15,30%",795 €,970 $,2010.0
Baréin [+],5.815,,7.715,,"28,79%",4.732 €,6.278 $,2010.0
Burundi [+],718,,953,,"46,91%",77 €,102 $,2010.0
Benin [+],1.510,,2.004,,"21,00%",154 €,205 $,2010.0
Brunéi [+],115,,153,,"1,11%",297 €,394 $,2010.0
Bolivia [+],5.613,,7.447,,"32,81%",551 €,731 $,2010.0
Brasil [+],1.039.317,,1.378.965,,"62,43%",5.337 €,7.081 $,2010.0
Bahamas [+],2.563,,3.401,,"33,88%",7.303 €,9.689 $,2010.0
Bután [+],643,,853,,"55,81%",921 €,1.223 $,2010.0
Botsuana [+],2.657,,3.526,,"26,55%",1.307 €,1.734 $,2010.0
Bielorrusia [+],15.872,,21.059,,"36,81%",1.674 €,2.221 $,2010.0
Belice [+],902,,1.197,,"68,42%",2.801 €,3.716 $,2010.0
Canadá [+],1.023.636,,1.358.159,,"83,98%",30.102 €,39.939 $,2010.0
República Democrática del Congo [+],5.354,,7.103,,"31,80%",81 €,108 $,2010.0
República Centroafricana [+],321,,426,,"19,88%",72 €,96 $,2010.0
República del Congo [+],4.313,,5.722,,"43,49%",972 €,1.289 $,2010.0
Suiza [+],186.954,,248.051,,"40,70%",23.755 €,31.518 $,2010.0
Costa de Marfil [+],11.836,,15.705,,"45,61%",549 €,729 $,2010.0
Chile [+],14.084,,18.687,,"8,61%",827 €,1.097 $,2010.0
Camerún [+],2.903,,3.851,,"13,99%",148 €,196 $,2010.0
Colombia [+],78.809,,104.563,,"36,50%",1.788 €,2.372 $,2010.0
Costa Rica [+],7.972,,10.577,,"28,09%",1.751 €,2.323 $,2010.0
Cabo Verde [+],910,,1.207,,"66,15%",1.904 €,2.526 $,2010.0
Chipre [+],11.693,,14.290,,"60,10%",13.924 €,17.017 $,2010.0
Chequia [+],59.060,,77.499,,"36,70%",5.632 €,7.390 $,2010.0
Yibuti [+],324,,431,,"27,88%",386 €,513 $,2010.0
Dinamarca [+],112.185,,148.677,,"46,10%",20.175 €,26.737 $,2010.0
Dominica [+],251,,333,,"66,83%",3.533 €,4.687 $,2010.0
República Dominicana [+],15.163,,20.118,,"37,35%",1.600 €,2.122 $,2010.0
Argelia [+],12.747,,16.913,,"9,51%",354 €,470 $,2010.0
Ecuador [+],9.469,,12.564,,"18,44%",636 €,844 $,2010.0
Estonia [+],1.178,,1.564,,"8,00%",886 €,1.176 $,2010.0
Egipto [+],120.646,,160.073,,"69,59%",1.533 €,2.034 $,2010.0
Eritrea [+],2.418,,3.208,,"201,79%",821 €,1.089 $,2010.0
Etiopía [+],7.992,,10.603,,"39,44%",101 €,135 $,2010.0
Finlandia [+],94.286,,125.098,,"50,10%",17.541 €,23.273 $,2010.0
Fiyi [+],1.329,,1.764,,"53,36%",1.567 €,2.080 $,2010.0
Estados Federados de Micronesia [+],65,,86,,"29,37%",629 €,835 $,2010.0
Gabón [+],2.309,,3.063,,"21,30%",1.434 €,1.903 $,2010.0
Granada [+],559,,742,,"96,22%",5.324 €,7.064 $,2010.0
Georgia [+],2.945,,3.907,,"31,45%",659 €,874 $,2010.0
Ghana [+],11.277,,14.963,,"32,92%",443 €,587 $,2010.0
Gambia [+],499,,663,,"42,95%",259 €,344 $,2010.0
Guinea [+],3.677,,4.879,,"71,14%",338 €,449 $,2010.0
Guinea Ecuatorial [+],971,,1.289,,"7,89%",1.022 €,1.355 $,2010.0
Grecia [+],330.570,,438.599,,"147,80%",29.718 €,39.430 $,2010.0
Guatemala [+],7.507,,9.961,,"24,01%",518 €,687 $,2010.0
Guinea-Bisáu [+],438,,581,,"61,73%",300 €,398 $,2010.0
Guyana [+],1.156,,1.533,,"53,08%",1.535 €,2.036 $,2010.0
Hong Kong [+],1.089,,1.445,,"0,62%",154 €,205 $,2010.0
Honduras [+],2.604,,3.455,,"21,82%",311 €,413 $,2010.0
Croacia [+],25.792,,33.534,,"56,80%",6.012 €,7.817 $,2010.0
Haití [+],2.224,,2.951,,"24,90%",227 €,301 $,2010.0
Hungría [+],79.115,,105.749,,"80,20%",7.923 €,10.590 $,2010.0
Indonesia [+],150.035,,199.066,,"26,36%",631 €,838 $,2010.0
Irlanda [+],144.227,,191.360,,"86,20%",31.553 €,41.865 $,2010.0
Israel [+],124.537,,165.235,,"69,03%",16.341 €,21.682 $,2010.0
India [+],854.671,,1.133.977,,"67,68%",687 €,912 $,2010.0
Irak [+],55.888,,74.152,,"53,53%",1.805 €,2.395 $,2010.0
Irán [+],57.603,,76.428,,"12,77%",777 €,1.031 $,2010.0
Islandia [+],9.286,,18.309,,"93,00%",29.160 €,57.493 $,2010.0
Jamaica [+],14.293,,18.963,,"137,82%",5.301 €,7.034 $,2010.0
Jordania [+],12.156,,16.128,,"53,40%",1.754 €,2.327 $,2010.0
Kenia [+],12.558,,16.662,,"36,70%",325 €,432 $,2010.0
Kirguistán [+],2.157,,2.862,,"59,70%",398 €,528 $,2010.0
Camboya [+],2.433,,3.228,,"23,53%",168 €,223 $,2010.0
Kiribati [+],12,,16,,"9,43%",115 €,152 $,2010.0
Comoras [+],207,,274,,"30,15%",315 €,418 $,2010.0
San Cristóbal y Nieves [+],792,,1.051,,"134,90%",16.846 €,22.351 $,2010.0
Corea del Sur [+],254.174,,337.238,,"28,28%",5.129 €,6.805 $,2010.0
Kuwait [+],5.359,,7.110,,"6,16%",1.827 €,2.424 $,2010.0
Kazajistán [+],11.920,,15.815,,"10,68%",730 €,969 $,2010.0
Laos [+],2.790,,3.702,,"49,32%",441 €,585 $,2010.0
Líbano [+],39.646,,52.603,,"136,83%",7.936 €,10.529 $,2010.0
Santa Lucía [+],592,,786,,"52,23%",3.462 €,4.594 $,2010.0
Sri Lanka [+],30.378,,40.306,,"68,73%",1.499 €,1.989 $,2010.0
Liberia [+],379,,503,,"25,40%",97 €,129 $,2010.0
Lesoto [+],600,,797,,"33,81%",301 €,399 $,2010.0
Lituania [+],10.154,,13.468,,"36,70%",3.326 €,4.412 $,2010.0
Luxemburgo [+],8.095,,10.740,,"19,10%",15.815 €,20.984 $,2010.0
Letonia [+],8.538,,11.327,,"48,60%",4.115 €,5.460 $,2010.0
Libia [+],1.614,,2.142,,"2,86%",248 €,330 $,2010.0
Marruecos [+],34.425,,45.674,,"45,28%",1.070 €,1.419 $,2010.0
Moldavia [+],1.340,,1.777,,"25,48%",376 €,499 $,2010.0
Montenegro [+],1.407,,1.866,,"45,07%",2.270 €,3.011 $,2010.0
Madagascar [+],2.433,,3.229,,"32,34%",120 €,159 $,2010.0
Islas Marshall [+],47,,63,,"38,83%",896 €,1.189 $,2010.0
Macedonia del Norte [+],1.722,,2.285,,"24,27%",837 €,1.111 $,2010.0
Malí [+],2.039,,2.705,,"21,75%",128 €,170 $,2010.0
Myanmar [+],15.516,,20.587,,"54,39%",316 €,419 $,2010.0
Mongolia [+],1.677,,2.226,,"30,98%",608 €,806 $,2010.0
Mauritania [+],1.867,,2.477,,"43,95%",568 €,754 $,2010.0
Malta [+],4.463,,5.921,,"65,00%",10.753 €,14.268 $,2010.0
Mauricio [+],4.309,,5.717,,"54,39%",3.447 €,4.574 $,2010.0
Maldivas [+],1.029,,1.365,,"52,75%",3.215 €,4.266 $,2010.0
Malaui [+],1.426,,1.892,,"19,31%",91 €,120 $,2010.0
México [+],334.554,,443.885,,"40,16%",2.915 €,3.868 $,2010.0
Malasia [+],99.831,,132.456,,"51,21%",3.492 €,4.633 $,2010.0
Mozambique [+],3.316,,4.399,,"38,55%",141 €,187 $,2010.0
Namibia [+],1.388,,1.842,,"16,33%",663 €,880 $,2010.0
Níger [+],891,,1.182,,"15,08%",54 €,72 $,2010.0
Nigeria [+],26.484,,35.139,,"6,67%",159 €,211 $,2010.0
Nicaragua [+],2.003,,2.658,,"30,35%",344 €,457 $,2010.0
Países Bajos [+],379.043,,502.488,,"58,90%",22.757 €,30.169 $,2010.0
Noruega [+],138.311,,185.144,,"41,70%",28.110 €,37.629 $,2010.0
Nepal [+],4.869,,6.460,,"35,39%",178 €,236 $,2010.0
Nauru [+],112,,149,,"298,89%",11.236 €,14.907 $,2010.0
Nueva Zelanda [+],32.514,,43.139,,"29,60%",7.469 €,9.910 $,2010.0
Omán [+],2.676,,3.550,,"5,46%",892 €,1.184 $,2010.0
Panamá [+],8.764,,11.628,,"38,46%",2.393 €,3.175 $,2010.0
Perú [+],28.246,,37.476,,"25,11%",984 €,1.306 $,2010.0
Papúa Nueva Guinea [+],1.857,,2.464,,"17,29%",276 €,366 $,2010.0
Filipinas [+],74.733,,99.156,,"47,59%",802 €,1.065 $,2010.0
Pakistán [+],84.088,,111.568,,"56,72%",486 €,645 $,2010.0
Polonia [+],194.932,,256.974,,"53,70%",5.121 €,6.751 $,2010.0
Estado de Palestina [+],1.658,,2.200,,"22,72%",412 €,547 $,2010.0
Palaos [+],47,,63,,"34,46%",2.638 €,3.500 $,2010.0
Paraguay [+],2.653,,3.520,,"12,98%",468 €,621 $,2010.0
Catar [+],27.450,,36.421,,"30,43%",16.006 €,21.237 $,2010.0
Rumanía [+],36.725,,51.379,,"29,00%",1.818 €,2.544 $,2010.0
Serbia [+],13.779,,18.281,,"42,45%",1.900 €,2.521 $,2010.0
Rusia [+],124.382,,165.030,,"10,11%",871 €,1.155 $,2010.0
Ruanda [+],868,,1.152,,"19,04%",87 €,115 $,2010.0
Arabia Saudita [+],33.544,,44.507,,"8,43%",1.399 €,1.856 $,2010.0
Islas Salomón [+],146,,194,,"21,64%",258 €,343 $,2010.0
Seychelles [+],601,,798,,"82,22%",6.680 €,8.863 $,2010.0
Sudán [+],36.933,,49.003,,"74,57%",920 €,1.221 $,2010.0
Suecia [+],153.348,,190.218,,"38,70%",16.287 €,20.202 $,2010.0
Singapur [+],183.054,,242.876,,"98,67%",36.056 €,47.838 $,2010.0
Eslovenia [+],13.918,,18.466,,"38,60%",6.789 €,9.007 $,2010.0
Eslovaquia [+],27.940,,37.071,,"40,70%",5.181 €,6.875 $,2010.0
Sierra Leona [+],910,,1.208,,"28,94%",146 €,194 $,2010.0
San Marino [+],283,,376,,"19,96%",8.882 €,11.786 $,2010.0
Senegal [+],4.207,,5.582,,"34,60%",332 €,440 $,2010.0
Surinam [+],610,,810,,"17,32%",1.139 €,1.511 $,2010.0
Santo Tomé y Príncipe [+],119,,159,,"82,99%",656 €,871 $,2010.0
El Salvador [+],9.287,,12.322,,"66,79%",1.530 €,2.031 $,2010.0
Siria [+],12.083,,16.835,,"31,21%",573 €,798 $,2009.0
Eswatini [+],472,,626,,"14,25%",459 €,609 $,2010.0
Chad [+],2.424,,3.216,,"22,86%",203 €,269 $,2010.0
Togo [+],1.198,,1.589,,"33,45%",178 €,236 $,2010.0
Tailandia [+],100.624,,133.508,,"39,83%",1.467 €,1.947 $,2010.0
Tayikistán [+],1.567,,2.078,,"36,84%",205 €,272 $,2010.0
Timor Oriental [+],0,,0,,0%,0 €,0 $,2010.0
Turkmenistán [+],1.131,,1.500,,"7,04%",215 €,285 $,2010.0
Túnez [+],13.514,,17.931,,"38,80%",1.255 €,1.665 $,2010.0
Tonga [+],124,,164,,"44,73%",1.202 €,1.595 $,2010.0
Türkiye [+],225.106,,302.402,,"42,40%",3.053 €,4.102 $,2010.0
Trinidad y Tobago [+],4.734,,6.281,,"28,90%",3.565 €,4.730 $,2010.0
Tuvalu [+],5,,7,,"21,05%",497 €,660 $,2010.0
Taiwan [+],123.526,,163.895,,"36,89%",5.333 €,7.076 $,2010.0
Tanzania [+],6.630,,8.797,,"27,61%",155 €,205 $,2010.0
Ucrania [+],41.646,,55.256,,"39,13%",913 €,1.212 $,2010.0
Uganda [+],3.415,,4.531,,"18,36%",112 €,148 $,2010.0
Uruguay [+],13.538,,17.962,,"40,85%",3.985 €,5.288 $,2010.0
Uzbekistán [+],2.479,,3.290,,"5,92%",89 €,117 $,2010.0
San Vicente y las Granadinas [+],331,,440,,"61,10%",3.041 €,4.035 $,2010.0
Venezuela [+],71.966,,95.484,,"37,71%",2.523 €,3.348 $,2010.0
Viet Nam [+],40.268,,53.427,,"37,29%",458 €,607 $,2010.0
Vanuatu [+],99,,132,,"18,28%",414 €,549 $,2010.0
Samoa [+],206,,274,,"40,28%",1.110 €,1.472 $,2010.0
Yemen [+],9.872,,13.098,,"42,38%",369 €,490 $,2010.0
Sudáfrica [+],98.087,,130.141,,"31,19%",1.904 €,2.527 $,2010.0
Zambia [+],2.886,,3.830,,"18,90%",207 €,274 $,2010.0
Zimbabue [+],3.718,,2,,"33,19%",301 €,0 $,2010.0
España [+],743.043,,1.034.101,,"69,50%",15.871 €,22.088 $,2011.0
Alemania [+],2.155.876,,3.000.355,,"78,50%",26.838 €,37.351 $,2011.0
Reino Unido [+],1.589.482,,2.169.749,,"80,00%",25.032 €,34.170 $,2011.0
Francia [+],1.830.136,,2.546.969,,"88,70%",28.036 €,39.018 $,2011.0
Italia [+],1.974.408,,2.747.788,,"119,10%",32.849 €,45.716 $,2011.0
Portugal [+],201.044,,279.796,,"114,00%",19.040 €,26.498 $,2011.0
Estados Unidos [+],11.212.081,,15.603.965,,"100,03%",35.975 €,50.067 $,2011.0
Japón [+],8.598.289,,11.966.324,,"190,56%",67.263 €,93.611 $,2011.0
China [+],1.818.920,,2.531.409,,"33,18%",1.350 €,1.879 $,2011.0
Andorra [+],951,,1.322,,"36,49%",13.636 €,18.952 $,2011.0
Emiratos Árabes Unidos [+],54.090,,75.278,,"20,41%",7.467 €,10.392 $,2011.0
Afganistán [+],964,,1.342,,"7,50%",33 €,46 $,2011.0
Antigua y Barbuda [+],750,,1.044,,"81,13%",8.724 €,12.141 $,2011.0
Albania [+],5.507,,7.664,,"59,41%",1.897 €,2.640 $,2011.0
Armenia [+],3.077,,4.282,,"42,22%",940 €,1.308 $,2011.0
Angola [+],23.742,,33.043,,"26,32%",980 €,1.364 $,2011.0
Argentina [+],147.615,,205.437,,"38,94%",3.578 €,4.979 $,2011.0
Austria [+],256.876,,357.497,,"83,40%",30.551 €,42.518 $,2011.0
Australia [+],261.789,,364.335,,"23,96%",11.624 €,16.177 $,2011.0
Azerbaiyán [+],2.354,,3.276,,"4,97%",255 €,355 $,2011.0
Bosnia y Herzegovina [+],5.491,,7.641,,"40,94%",1.430 €,1.990 $,2011.0
Barbados [+],3.760,,5.233,,"94,39%",13.381 €,18.623 $,2011.0
Bangladés [+],32.545,,45.294,,"29,39%",218 €,303 $,2011.0
Bélgica [+],389.536,,541.524,,"102,80%",35.170 €,48.892 $,2011.0
Burkina Faso [+],2.127,,2.960,,"24,50%",128 €,178 $,2011.0
Bulgaria [+],6.285,,8.275,,"15,20%",858 €,1.129 $,2011.0
Baréin [+],6.782,,9.439,,"31,55%",5.675 €,7.899 $,2011.0
Burundi [+],686,,955,,"42,71%",71 €,98 $,2011.0
Benin [+],1.679,,2.337,,"21,86%",166 €,232 $,2011.0
Brunéi [+],283,,394,,"2,13%",721 €,1.003 $,2011.0
Bolivia [+],6.126,,8.526,,"30,54%",592 €,824 $,2011.0
Brasil [+],1.138.874,,1.584.982,,"60,63%",5.806 €,8.080 $,2011.0
Bahamas [+],2.555,,3.556,,"35,26%",7.198 €,10.017 $,2011.0
Bután [+],842,,1.172,,"62,33%",1.193 €,1.660 $,2011.0
Botsuana [+],3.050,,4.245,,"27,89%",1.471 €,2.047 $,2011.0
Bielorrusia [+],25.674,,35.730,,"58,22%",2.712 €,3.775 $,2011.0
Belice [+],872,,1.213,,"66,22%",2.658 €,3.699 $,2011.0
Canadá [+],1.086.066,,1.511.488,,"84,28%",31.628 €,44.016 $,2011.0
República Democrática del Congo [+],1.483,,2.063,,"7,81%",22 €,30 $,2011.0
República Centroafricana [+],345,,480,,"19,69%",76 €,106 $,2011.0
República del Congo [+],3.868,,5.383,,"34,39%",844 €,1.174 $,2011.0
Suiza [+],215.435,,299.823,,"41,24%",27.083 €,37.691 $,2011.0
Costa de Marfil [+],12.772,,17.775,,"50,03%",576 €,802 $,2011.0
Chile [+],20.086,,27.954,,"11,13%",1.167 €,1.625 $,2011.0
Camerún [+],3.491,,4.859,,"15,86%",173 €,240 $,2011.0
Colombia [+],86.126,,119.863,,"35,78%",1.933 €,2.690 $,2011.0
Costa Rica [+],9.068,,12.620,,"29,51%",1.966 €,2.736 $,2011.0
Cabo Verde [+],1.053,,1.465,,"71,56%",2.188 €,3.045 $,2011.0
Chipre [+],13.877,,17.910,,"69,90%",16.099 €,20.777 $,2011.0
Chequia [+],62.576,,91.188,,"39,40%",5.957 €,8.680 $,2011.0
Yibuti [+],321,,447,,"25,68%",376 €,523 $,2011.0
Dinamarca [+],124.292,,172.111,,"50,00%",22.272 €,30.841 $,2011.0
Dominica [+],247,,344,,"69,68%",3.527 €,4.909 $,2011.0
República Dominicana [+],16.300,,22.685,,"39,11%",1.701 €,2.368 $,2011.0
Argelia [+],13.300,,18.510,,"8,48%",362 €,504 $,2011.0
Ecuador [+],10.560,,14.697,,"18,61%",697 €,969 $,2011.0
Estonia [+],1.272,,1.770,,"7,60%",960 €,1.336 $,2011.0
Egipto [+],129.638,,180.419,,"72,83%",1.610 €,2.241 $,2011.0
Eritrea [+],2.546,,3.543,,"171,57%",849 €,1.182 $,2011.0
Etiopía [+],9.760,,13.583,,"44,57%",121 €,168 $,2011.0
Finlandia [+],102.829,,143.108,,"52,00%",19.038 €,26.495 $,2011.0
Fiyi [+],1.431,,1.991,,"50,98%",1.679 €,2.337 $,2011.0
Estados Federados de Micronesia [+],63,,88,,"28,60%",608 €,846 $,2011.0
Gabón [+],2.803,,3.901,,"21,43%",1.677 €,2.334 $,2011.0
Granada [+],575,,801,,"102,78%",5.378 €,7.485 $,2011.0
Georgia [+],3.079,,4.285,,"27,69%",685 €,953 $,2011.0
Ghana [+],12.030,,16.742,,"31,22%",461 €,642 $,2011.0
Gambia [+],499,,694,,"49,24%",251 €,350 $,2011.0
Guinea [+],2.621,,3.648,,"53,85%",235 €,327 $,2011.0
Guinea Ecuatorial [+],1.100,,1.531,,"7,17%",1.107 €,1.540 $,2011.0
Grecia [+],356.235,,495.775,,"175,10%",32.133 €,44.719 $,2011.0
Guatemala [+],8.099,,11.271,,"23,77%",548 €,762 $,2011.0
Guinea-Bisáu [+],379,,528,,"45,62%",254 €,354 $,2011.0
Guyana [+],1.236,,1.720,,"51,67%",1.650 €,2.296 $,2011.0
Hong Kong [+],1.035,,1.440,,"0,57%",146 €,203 $,2011.0
Honduras [+],3.136,,4.365,,"24,65%",367 €,511 $,2011.0
Croacia [+],28.520,,39.706,,"63,10%",6.670 €,9.286 $,2011.0
Haití [+],2.084,,2.900,,"22,29%",210 €,293 $,2011.0
Hungría [+],72.882,,114.034,,"80,50%",7.338 €,11.482 $,2011.0
Indonesia [+],148.256,,206.330,,"23,11%",613 €,853 $,2011.0
Irlanda [+],189.724,,264.041,,"109,60%",41.341 €,57.534 $,2011.0
Israel [+],129.254,,179.884,,"67,19%",16.650 €,23.172 $,2011.0
India [+],899.916,,1.252.422,,"68,70%",714 €,993 $,2011.0
Irak [+],54.348,,75.636,,"40,72%",1.711 €,2.381 $,2011.0
Irán [+],55.092,,76.673,,"10,62%",733 €,1.020 $,2011.0
Islandia [+],10.184,,21.033,,"99,10%",31.867 €,65.814 $,2011.0
Jamaica [+],14.678,,20.427,,"135,94%",5.430 €,7.557 $,2011.0
Jordania [+],13.167,,18.325,,"56,14%",1.852 €,2.577 $,2011.0
Kenia [+],11.938,,16.614,,"35,69%",302 €,421 $,2011.0
Kirguistán [+],2.229,,3.102,,"50,06%",407 €,566 $,2011.0
Camboya [+],2.738,,3.811,,"23,74%",186 €,259 $,2011.0
Kiribati [+],13,,18,,"8,80%",121 €,169 $,2011.0
Comoras [+],203,,282,,"27,56%",302 €,421 $,2011.0
San Cristóbal y Nieves [+],764,,1.063,,"127,07%",16.246 €,22.610 $,2011.0
Corea del Sur [+],297.760,,414.396,,"31,70%",5.963 €,8.298 $,2011.0
Kuwait [+],5.136,,7.148,,"4,64%",1.582 €,2.201 $,2011.0
Kazajistán [+],14.064,,19.573,,"10,16%",849 €,1.182 $,2011.0
Laos [+],2.770,,3.855,,"43,01%",432 €,601 $,2011.0
Líbano [+],38.554,,53.656,,"134,39%",7.642 €,10.636 $,2011.0
Santa Lucía [+],622,,866,,"54,94%",3.618 €,5.035 $,2011.0
Liechtenstein [+],17,,24,,"0,37%",466 €,648 $,2011.0
Sri Lanka [+],33.786,,47.020,,"69,43%",1.656 €,2.305 $,2011.0
Liberia [+],382,,531,,"22,52%",95 €,132 $,2011.0
Lesoto [+],668,,930,,"36,17%",332 €,462 $,2011.0
Lituania [+],11.632,,16.188,,"37,40%",3.873 €,5.390 $,2011.0
Luxemburgo [+],8.201,,11.413,,"18,50%",15.626 €,21.746 $,2011.0
Letonia [+],8.949,,12.561,,"46,60%",4.376 €,6.143 $,2011.0
Libia [+],6.636,,9.235,,"26,61%",1.046 €,1.456 $,2011.0
Marruecos [+],38.275,,53.267,,"48,56%",1.175 €,1.635 $,2011.0
Moldavia [+],1.464,,2.037,,"24,20%",411 €,572 $,2011.0
Montenegro [+],1.586,,2.207,,"48,97%",2.557 €,3.558 $,2011.0
Madagascar [+],2.486,,3.459,,"29,95%",119 €,166 $,2011.0
Islas Marshall [+],45,,62,,"35,92%",841 €,1.170 $,2011.0
Macedonia del Norte [+],2.092,,2.911,,"27,73%",1.016 €,1.413 $,2011.0
Malí [+],2.237,,3.114,,"20,14%",136 €,189 $,2011.0
Myanmar [+],19.107,,26.592,,"49,94%",386 €,538 $,2011.0
Mongolia [+],2.442,,3.399,,"32,65%",869 €,1.209 $,2011.0
Mauritania [+],1.893,,2.634,,"38,84%",562 €,782 $,2011.0
Malta [+],4.848,,6.747,,"68,90%",11.611 €,16.159 $,2011.0
Mauricio [+],4.741,,6.598,,"54,87%",3.787 €,5.270 $,2011.0
Maldivas [+],980,,1.363,,"51,86%",3.014 €,4.195 $,2011.0
Malaui [+],1.614,,2.246,,"19,98%",100 €,139 $,2011.0
México [+],363.542,,505.946,,"41,17%",3.122 €,4.345 $,2011.0
Malasia [+],112.688,,156.828,,"51,90%",3.877 €,5.396 $,2011.0
Mozambique [+],3.588,,4.993,,"34,16%",148 €,206 $,2011.0
Namibia [+],2.450,,3.410,,"27,45%",1.152 €,1.603 $,2011.0
Níger [+],928,,1.291,,"14,75%",54 €,75 $,2011.0
Nigeria [+],52.597,,73.199,,"12,38%",307 €,427 $,2011.0
Nicaragua [+],2.022,,2.814,,"28,79%",337 €,469 $,2011.0
Países Bajos [+],401.579,,558.442,,"61,20%",24.003 €,33.379 $,2011.0
Noruega [+],98.943,,148.457,,"27,50%",19.845 €,29.776 $,2011.0
Nepal [+],5.052,,7.031,,"32,43%",184 €,256 $,2011.0
Nauru [+],118,,164,,"236,82%",11.794 €,16.414 $,2011.0
Nueva Zelanda [+],41.653,,57.969,,"34,68%",9.497 €,13.217 $,2011.0
Omán [+],2.474,,3.443,,"4,44%",751 €,1.045 $,2011.0
Panamá [+],9.207,,12.814,,"35,91%",2.472 €,3.441 $,2011.0
Perú [+],28.355,,39.462,,"23,11%",981 €,1.365 $,2011.0
Papúa Nueva Guinea [+],2.104,,2.927,,"16,28%",290 €,404 $,2011.0
Filipinas [+],76.462,,106.413,,"45,43%",807 €,1.124 $,2011.0
Pakistán [+],93.031,,129.472,,"56,15%",525 €,731 $,2011.0
Polonia [+],192.177,,289.156,,"54,80%",5.049 €,7.597 $,2011.0
Estado de Palestina [+],2.113,,2.940,,"26,29%",512 €,713 $,2011.0
Palaos [+],43,,60,,"30,59%",2.395 €,3.333 $,2011.0
Paraguay [+],2.679,,3.729,,"11,05%",469 €,653 $,2011.0
Catar [+],40.354,,56.161,,"33,47%",23.286 €,32.407 $,2011.0
Rumanía [+],43.934,,62.863,,"32,30%",2.186 €,3.128 $,2011.0
Serbia [+],16.939,,23.574,,"45,98%",2.347 €,3.267 $,2011.0
Rusia [+],152.060,,211.624,,"10,34%",1.063 €,1.479 $,2011.0
Ruanda [+],926,,1.289,,"18,94%",91 €,126 $,2011.0
Arabia Saudita [+],25.963,,36.133,,"5,31%",1.035 €,1.440 $,2011.0
Islas Salomón [+],138,,193,,"18,10%",237 €,330 $,2011.0
Seychelles [+],604,,840,,"82,51%",6.560 €,9.130 $,2011.0
Sudán [+],37.296,,51.905,,"78,11%",1.142 €,1.589 $,2011.0
Suecia [+],157.124,,214.983,,"37,80%",16.569 €,22.671 $,2011.0
Singapur [+],209.758,,291.923,,"103,13%",40.463 €,56.312 $,2011.0
Eslovenia [+],17.220,,23.965,,"46,80%",8.377 €,11.659 $,2011.0
Eslovaquia [+],30.994,,43.135,,"43,30%",5.735 €,7.982 $,2011.0
Sierra Leona [+],889,,1.237,,"25,77%",139 €,194 $,2011.0
San Marino [+],217,,302,,"16,62%",6.502 €,9.046 $,2011.0
Senegal [+],4.208,,5.856,,"32,88%",323 €,449 $,2011.0
Surinam [+],638,,887,,"18,74%",1.179 €,1.640 $,2011.0
Sudán del Sur [+],0,,0,,0%,0 €,0 $,2011.0
Santo Tomé y Príncipe [+],141,,196,,"86,02%",757 €,1.054 $,2011.0
El Salvador [+],9.561,,13.306,,"65,60%",1.570 €,2.185 $,2011.0
Siria [+],12.083,,16.835,,"31,21%",573 €,798 $,2009.0
Eswatini [+],509,,709,,"14,59%",493 €,687 $,2011.0
Chad [+],2.676,,3.724,,"22,32%",216 €,301 $,2011.0
Togo [+],1.440,,2.005,,"36,98%",208 €,290 $,2011.0
Tailandia [+],104.825,,145.886,,"39,12%",1.519 €,2.114 $,2011.0
Tayikistán [+],1.664,,2.316,,"35,51%",213 €,296 $,2011.0
Timor Oriental [+],0,,0,,0%,0 €,0 $,2011.0
Turkmenistán [+],2.945,,4.099,,"14,76%",549 €,765 $,2011.0
Túnez [+],14.985,,20.854,,"43,34%",1.377 €,1.916 $,2011.0
Tonga [+],155,,215,,"51,85%",1.503 €,2.092 $,2011.0
Türkiye [+],210.712,,293.250,,"34,77%",2.820 €,3.924 $,2011.0
Trinidad y Tobago [+],7.031,,9.785,,"39,23%",5.263 €,7.324 $,2011.0
Tuvalu [+],5,,7,,"19,09%",481 €,670 $,2011.0
Taiwan [+],133.338,,185.568,,"38,34%",5.741 €,7.990 $,2011.0
Tanzania [+],7.021,,9.771,,"28,43%",159 €,222 $,2011.0
Ucrania [+],43.205,,60.129,,"35,53%",951 €,1.323 $,2011.0
Uganda [+],3.549,,4.939,,"17,96%",113 €,157 $,2011.0
Uruguay [+],15.521,,21.600,,"41,26%",4.548 €,6.329 $,2011.0
Uzbekistán [+],2.739,,3.812,,"5,65%",94 €,131 $,2011.0
San Vicente y las Granadinas [+],328,,457,,"63,99%",3.012 €,4.191 $,2011.0
Venezuela [+],64.973,,90.423,,"52,48%",2.226 €,3.098 $,2011.0
Viet Nam [+],44.557,,62.010,,"36,19%",507 €,706 $,2011.0
Vanuatu [+],113,,157,,"19,25%",461 €,641 $,2011.0
Samoa [+],222,,309,,"41,53%",1.188 €,1.653 $,2011.0
Yemen [+],10.752,,14.964,,"45,73%",390 €,543 $,2011.0
Sudáfrica [+],114.510,,159.365,,"34,74%",2.190 €,3.048 $,2011.0
Zambia [+],3.507,,4.880,,"20,81%",243 €,338 $,2011.0
Zimbabue [+],3.617,,2,,"30,02%",290 €,0 $,2011.0
