Country,Deuda total (M.€),Deuda (%PIB),Deuda Per Cápita,Year
Spain,569535,53.1,12252,2009
Germany,1804696,72.4,22062,2009
United Kingdom,1101852,63.2,17627,2009
France,1627182,84.1,25166,2009
Italy,1839806,116.1,30823,2009
Portugal,153624,87.6,14529,2009
USA,9047958,87.07,29494,2009
Japan,6621157,172.86,51910,2009
China,1262659,33.99,946,2009
Andorra,822,33.51,11173,2009
United Arab Emirates,38463,21.14,5678,2009
Afganistán,1407,16.25,51,2009
Antigua y Barbuda,887,89.15,10563,2009
Albania,5158,59.67,1767,2009
Armenia,2520,40.6,776,2009
Angola,28411,48.45,1268,2009
Argentina,133052,55.4,3315,2009
Austria,231173,80.8,27680,2009
Australia,119403,16.57,5461,2009
Azerbaiyán,1503,4.73,167,2009
Bosnia y Herzegovina,4611,36.37,1200,2009
Barbados,3218,83.47,11574,2009
Bangladés,29085,33.01,199,2009
Belgium,347318,99.9,32041,2009
Burkina Faso,1753,25.87,112,2009
Bulgaria,5112,13.7,689,2009
Bahrain,3516,20.49,2985,2009
Burundi,327,25.69,37,2009
Benin,1309,18.75,138,2009
Brunéi,95,1.11,249,2009
Bolivia,4915,34.12,491,2009
Brazil,775157,64.7,4013,2009
Bahamas,2214,30.09,6381,2009
Bután,558,61.04,808,2009
Botsuana,1704,22.43,856,2009
Bielorrusia,11881,32.55,1253,2009
Belice,845,69.73,2682,2009
Canada,808191,81.8,24032,2009
República Democrática del Congo,12248,91.62,192,2009
República Centroafricana,301,20.3,65,2009
República del Congo,5844,83.84,1373,2009
Switzerland,171302,42.37,22002,2009
Costa de Marfil,11239,46.48,536,2009
Chile,7207,5.85,428,2009
Camerún,2254,11.26,118,2009
Colombia,59043,35.39,1354,2009
Costa Rica,5743,26.03,1285,2009
Cabo Verde,781,58.79,1652,2009
Cyprus,10765,57.6,13142,2009
Czech Republic,49824,33.4,4762,2009
Yibuti,302,29.53,365,2009
Denmark,100049,43.0,18076,2009
Dominica,220,62.51,3102,2009
República Dominicana,12739,36.76,1358,2009
Argelia,9626,8.92,273,2009
Ecuador,8483,19.67,580,2009
Estonia,1127,8.0,845,2009
Egipto,98854,69.45,1285,2009
Eritrea,1928,207.05,667,2009
Etiopía,6165,29.96,80,2009
Finland,80200,44.1,14987,2009
Fiyi,1148,51.5,1362,2009
Estados Federados de Micronesia,62,31.12,599,2009
Gabón,2274,25.99,1466,2009
Granada,504,91.09,4802,2009
Georgia,2673,33.65,603,2009
Ghana,6766,25.39,272,2009
Gambia,405,38.87,216,2009
Guinea,2973,61.33,281,2009
Guinea Ecuatorial,469,4.34,516,2009
Greece,301062,128.5,27076,2009
Guatemala,6212,22.78,437,2009
Guinea-Bisáu,946,148.26,653,2009
Guyana,975,52.32,1298,2009
Hong Kong,1037,0.66,148,2009
Honduras,2491,23.79,304,2009
Croacia,22099,47.9,5136,2009
Haití,1616,19.41,167,2009
Hungría,76528,78.2,7642,2009
Indonesia,109975,26.48,469,2009
EIRE,104703,61.8,23015,2009
Israel,110995,72.57,14835,2009
India,700526,72.74,572,2009
Irak,70025,87.38,2322,2009
Irán,41971,11.49,573,2009
Iceland,7322,87.9,23053,2009
Jamaica,12618,138.34,4698,2009
Jordania,10209,51.79,1506,2009
Kenia,10930,35.96,290,2009
Kirguistán,1969,58.49,368,2009
Camboya,2123,23.11,149,2009
Kiribati,10,10.28,101,2009
Comoras,206,31.77,321,2009
San Cristóbal y Nieves,717,129.07,15251,2009
Korea,203097,28.79,4119,2009
Kuwait,5061,6.65,1822,2009
Kazajistán,8464,10.23,526,2009
Laos,2392,51.82,384,2009
Lebanon,36714,144.5,7416,2009
Santa Lucía,512,50.24,3014,2009
Sri Lanka,25977,72.75,1291,2009
Liberia,1659,132.16,442,2009
Lesoto,499,35.87,252,2009
Lithuania,7529,27.9,2396,2009
Luxemburgo,5969,15.3,11889,2009
Letonia,6957,38.0,3281,2009
Libia,1248,2.76,196,2009
Marruecos,30755,42.62,968,2009
Moldavia,1273,32.61,357,2009
Montenegro,1308,43.87,2113,2009
Madagascar,2406,34.86,122,2009
Islas Marshall,45,41.2,856,2009
Macedonia del Norte,1601,23.73,780,2009
Malí,1608,18.81,104,2009
Myanmar,12422,56.42,255,2009
Mongolia,1597,48.54,588,2009
Mauritania,1843,54.34,576,2009
Malta,4153,66.0,10030,2009
Mauricio,3879,56.84,3111,2009
Maldivas,814,48.39,2585,2009
Malaui,1470,23.49,96,2009
México,282142,41.67,2496,2009
Malasia,76646,50.41,2729,2009
Mozambique,3462,39.33,151,2009
Namibia,1014,15.85,492,2009
Níger,838,15.94,53,2009
Nigeria,18707,6.12,116,2009
Nicaragua,1742,29.26,303,2009
Netherlands,355057,56.3,21421,2009
Norway,123464,42.8,25414,2009
Nepal,4153,39.46,153,2009
Nauru,100,295.58,9951,2009
Nueva Zelanda,21257,24.28,4938,2009
Omán,2311,5.81,802,2009
Panamá,7881,39.51,2189,2009
Perú,24763,28.18,869,2009
Papúa Nueva Guinea,1811,21.72,286,2009
Filipinas,62962,49.81,688,2009
Pakistán,73270,54.57,434,2009
Poland,166574,49.7,4381,2009
Estado de Palestina,1391,23.96,355,2009
Palaos,48,36.6,2672,2009
Paraguay,2397,14.94,426,2009
Catar,22776,35.98,13896,2009
Rumanía,27288,21.8,1345,2009
Serbia,11908,35.34,1630,2009
Rusia,93107,9.92,656,2009
Ruanda,753,18.72,78,2009
Saudi Arabia,43083,13.99,1891,2009
Islas Salomón,100,17.24,181,2009
Seychelles,645,106.13,7249,2009
Sudán,27930,71.0,714,2009
Sweden,133914,41.3,14337,2009
Singapore,148267,101.69,29725,2009
Eslovenia,12519,34.9,6116,2009
Eslovaquia,23321,36.4,4326,2009
Sierra Leona,846,31.07,140,2009
San Marino,297,20.07,9581,2009
Senegal,3465,29.94,281,2009
Surinam,436,14.65,827,2009
Santo Tomé y Príncipe,101,70.32,570,2009
El Salvador,8310,65.78,1374,2009
Siria,12083,31.21,573,2009
Eswatini,271,10.61,265,2009
Chad,2108,23.87,182,2009
Togo,1952,57.65,298,2009
Thailand,83776,42.36,1230,2009
Tayikistán,1320,36.94,177,2009
Timor Oriental,0,0.0,0,2009
Turkmenistán,417,3.09,81,2009
Túnez,13188,40.3,1238,2009
Tonga,89,39.73,864,2009
Türkiye,203897,46.1,2810,2009
Trinidad y Tobago,5309,34.17,4019,2009
Tuvalu,4,20.56,391,2009
Taiwan,102978,36.71,4454,2009
Tanzania,5032,23.93,120,2009
Ucrania,29768,34.12,650,2009
Uganda,2560,14.79,87,2009
Uruguay,11456,46.18,3391,2009
Uzbekistán,2198,6.57,80,2009
San Vicente y las Granadinas,293,57.25,2691,2009
Venezuela,27543,27.57,980,2009
Viet Nam,33495,36.17,385,2009
Vanuatu,89,19.1,382,2009
Samoa,148,33.26,802,2009
Yemen,8990,49.84,347,2009
RSA,64167,27.0,1264,2009
Zambia,2258,20.52,167,2009
Zimbabue,3417,39.74,279,2009
Spain,649153,60.3,13910,2010
Germany,2119242,81.0,26417,2010
United Kingdom,1385818,74.3,21989,2010
France,1722172,86.3,26504,2010
Italy,1921444,118.8,32052,2010
Portugal,179653,99.9,16992,2010
USA,10849052,95.65,35071,2010
Japan,7822020,178.58,61304,2010
China,1542732,33.34,1151,2010
Andorra,911,35.02,12965,2010
United Arab Emirates,42532,18.34,6107,2010
Afganistán,889,7.7,32,2010
Antigua y Barbuda,777,79.4,9136,2010
Albania,5193,57.72,1786,2010
Armenia,2790,39.97,855,2010
Angola,23472,32.59,1008,2010
Argentina,139104,43.45,3410,2010
Austria,245985,83.7,29371,2010
Australia,192426,20.29,8679,2010
Azerbaiyán,1986,4.98,218,2010
Bosnia y Herzegovina,5473,42.21,1424,2010
Barbados,3719,90.33,13282,2010
Bangladés,30831,29.62,209,2010
Belgium,364353,100.3,33121,2010
Burkina Faso,1807,23.69,112,2010
Bulgaria,5857,15.3,795,2010
Bahrain,5815,28.79,4732,2010
Burundi,718,46.91,77,2010
Benin,1510,21.0,154,2010
Brunéi,115,1.11,297,2010
Bolivia,5613,32.81,551,2010
Brazil,1039317,62.43,5337,2010
Bahamas,2563,33.88,7303,2010
Bután,643,55.81,921,2010
Botsuana,2657,26.55,1307,2010
Bielorrusia,15872,36.81,1674,2010
Belice,902,68.42,2801,2010
Canada,1023636,83.98,30102,2010
República Democrática del Congo,5354,31.8,81,2010
República Centroafricana,321,19.88,72,2010
República del Congo,4313,43.49,972,2010
Switzerland,186954,40.7,23755,2010
Costa de Marfil,11836,45.61,549,2010
Chile,14084,8.61,827,2010
Camerún,2903,13.99,148,2010
Colombia,78809,36.5,1788,2010
Costa Rica,7972,28.09,1751,2010
Cabo Verde,910,66.15,1904,2010
Cyprus,11693,60.1,13924,2010
Czech Republic,59060,36.7,5632,2010
Yibuti,324,27.88,386,2010
Denmark,112185,46.1,20175,2010
Dominica,251,66.83,3533,2010
República Dominicana,15163,37.35,1600,2010
Argelia,12747,9.51,354,2010
Ecuador,9469,18.44,636,2010
Estonia,1178,8.0,886,2010
Egipto,120646,69.59,1533,2010
Eritrea,2418,201.79,821,2010
Etiopía,7992,39.44,101,2010
Finland,94286,50.1,17541,2010
Fiyi,1329,53.36,1567,2010
Estados Federados de Micronesia,65,29.37,629,2010
Gabón,2309,21.3,1434,2010
Granada,559,96.22,5324,2010
Georgia,2945,31.45,659,2010
Ghana,11277,32.92,443,2010
Gambia,499,42.95,259,2010
Guinea,3677,71.14,338,2010
Guinea Ecuatorial,971,7.89,1022,2010
Greece,330570,147.8,29718,2010
Guatemala,7507,24.01,518,2010
Guinea-Bisáu,438,61.73,300,2010
Guyana,1156,53.08,1535,2010
Hong Kong,1089,0.62,154,2010
Honduras,2604,21.82,311,2010
Croacia,25792,56.8,6012,2010
Haití,2224,24.9,227,2010
Hungría,79115,80.2,7923,2010
Indonesia,150035,26.36,631,2010
EIRE,144227,86.2,31553,2010
Israel,124537,69.03,16341,2010
India,854671,67.68,687,2010
Irak,55888,53.53,1805,2010
Irán,57603,12.77,777,2010
Iceland,9286,93.0,29160,2010
Jamaica,14293,137.82,5301,2010
Jordania,12156,53.4,1754,2010
Kenia,12558,36.7,325,2010
Kirguistán,2157,59.7,398,2010
Camboya,2433,23.53,168,2010
Kiribati,12,9.43,115,2010
Comoras,207,30.15,315,2010
San Cristóbal y Nieves,792,134.9,16846,2010
Korea,254174,28.28,5129,2010
Kuwait,5359,6.16,1827,2010
Kazajistán,11920,10.68,730,2010
Laos,2790,49.32,441,2010
Lebanon,39646,136.83,7936,2010
Santa Lucía,592,52.23,3462,2010
Sri Lanka,30378,68.73,1499,2010
Liberia,379,25.4,97,2010
Lesoto,600,33.81,301,2010
Lithuania,10154,36.7,3326,2010
Luxemburgo,8095,19.1,15815,2010
Letonia,8538,48.6,4115,2010
Libia,1614,2.86,248,2010
Marruecos,34425,45.28,1070,2010
Moldavia,1340,25.48,376,2010
Montenegro,1407,45.07,2270,2010
Madagascar,2433,32.34,120,2010
Islas Marshall,47,38.83,896,2010
Macedonia del Norte,1722,24.27,837,2010
Malí,2039,21.75,128,2010
Myanmar,15516,54.39,316,2010
Mongolia,1677,30.98,608,2010
Mauritania,1867,43.95,568,2010
Malta,4463,65.0,10753,2010
Mauricio,4309,54.39,3447,2010
Maldivas,1029,52.75,3215,2010
Malaui,1426,19.31,91,2010
México,334554,40.16,2915,2010
Malasia,99831,51.21,3492,2010
Mozambique,3316,38.55,141,2010
Namibia,1388,16.33,663,2010
Níger,891,15.08,54,2010
Nigeria,26484,6.67,159,2010
Nicaragua,2003,30.35,344,2010
Netherlands,379043,58.9,22757,2010
Norway,138311,41.7,28110,2010
Nepal,4869,35.39,178,2010
Nauru,112,298.89,11236,2010
Nueva Zelanda,32514,29.6,7469,2010
Omán,2676,5.46,892,2010
Panamá,8764,38.46,2393,2010
Perú,28246,25.11,984,2010
Papúa Nueva Guinea,1857,17.29,276,2010
Filipinas,74733,47.59,802,2010
Pakistán,84088,56.72,486,2010
Poland,194932,53.7,5121,2010
Estado de Palestina,1658,22.72,412,2010
Palaos,47,34.46,2638,2010
Paraguay,2653,12.98,468,2010
Catar,27450,30.43,16006,2010
Rumanía,36725,29.0,1818,2010
Serbia,13779,42.45,1900,2010
Rusia,124382,10.11,871,2010
Ruanda,868,19.04,87,2010
Saudi Arabia,33544,8.43,1399,2010
Islas Salomón,146,21.64,258,2010
Seychelles,601,82.22,6680,2010
Sudán,36933,74.57,920,2010
Sweden,153348,38.7,16287,2010
Singapore,183054,98.67,36056,2010
Eslovenia,13918,38.6,6789,2010
Eslovaquia,27940,40.7,5181,2010
Sierra Leona,910,28.94,146,2010
San Marino,283,19.96,8882,2010
Senegal,4207,34.6,332,2010
Surinam,610,17.32,1139,2010
Santo Tomé y Príncipe,119,82.99,656,2010
El Salvador,9287,66.79,1530,2010
Siria,12083,31.21,573,2009
Eswatini,472,14.25,459,2010
Chad,2424,22.86,203,2010
Togo,1198,33.45,178,2010
Thailand,100624,39.83,1467,2010
Tayikistán,1567,36.84,205,2010
Timor Oriental,0,0.0,0,2010
Turkmenistán,1131,7.04,215,2010
Túnez,13514,38.8,1255,2010
Tonga,124,44.73,1202,2010
Türkiye,225106,42.4,3053,2010
Trinidad y Tobago,4734,28.9,3565,2010
Tuvalu,5,21.05,497,2010
Taiwan,123526,36.89,5333,2010
Tanzania,6630,27.61,155,2010
Ucrania,41646,39.13,913,2010
Uganda,3415,18.36,112,2010
Uruguay,13538,40.85,3985,2010
Uzbekistán,2479,5.92,89,2010
San Vicente y las Granadinas,331,61.1,3041,2010
Venezuela,71966,37.71,2523,2010
Viet Nam,40268,37.29,458,2010
Vanuatu,99,18.28,414,2010
Samoa,206,40.28,1110,2010
Yemen,9872,42.38,369,2010
RSA,98087,31.19,1904,2010
Zambia,2886,18.9,207,2010
Zimbabue,3718,33.19,301,2010
Spain,743043,69.5,15871,2011
Germany,2155876,78.5,26838,2011
United Kingdom,1589482,80.0,25032,2011
France,1830136,88.7,28036,2011
Italy,1974408,119.1,32849,2011
Portugal,201044,114.0,19040,2011
USA,11212081,100.03,35975,2011
Japan,8598289,190.56,67263,2011
China,1818920,33.18,1350,2011
Andorra,951,36.49,13636,2011
United Arab Emirates,54090,20.41,7467,2011
Afganistán,964,7.5,33,2011
Antigua y Barbuda,750,81.13,8724,2011
Albania,5507,59.41,1897,2011
Armenia,3077,42.22,940,2011
Angola,23742,26.32,980,2011
Argentina,147615,38.94,3578,2011
Austria,256876,83.4,30551,2011
Australia,261789,23.96,11624,2011
Azerbaiyán,2354,4.97,255,2011
Bosnia y Herzegovina,5491,40.94,1430,2011
Barbados,3760,94.39,13381,2011
Bangladés,32545,29.39,218,2011
Belgium,389536,102.8,35170,2011
Burkina Faso,2127,24.5,128,2011
Bulgaria,6285,15.2,858,2011
Bahrain,6782,31.55,5675,2011
Burundi,686,42.71,71,2011
Benin,1679,21.86,166,2011
Brunéi,283,2.13,721,2011
Bolivia,6126,30.54,592,2011
Brazil,1138874,60.63,5806,2011
Bahamas,2555,35.26,7198,2011
Bután,842,62.33,1193,2011
Botsuana,3050,27.89,1471,2011
Bielorrusia,25674,58.22,2712,2011
Belice,872,66.22,2658,2011
Canada,1086066,84.28,31628,2011
República Democrática del Congo,1483,7.81,22,2011
República Centroafricana,345,19.69,76,2011
República del Congo,3868,34.39,844,2011
Switzerland,215435,41.24,27083,2011
Costa de Marfil,12772,50.03,576,2011
Chile,20086,11.13,1167,2011
Camerún,3491,15.86,173,2011
Colombia,86126,35.78,1933,2011
Costa Rica,9068,29.51,1966,2011
Cabo Verde,1053,71.56,2188,2011
Cyprus,13877,69.9,16099,2011
Czech Republic,62576,39.4,5957,2011
Yibuti,321,25.68,376,2011
Denmark,124292,50.0,22272,2011
Dominica,247,69.68,3527,2011
República Dominicana,16300,39.11,1701,2011
Argelia,13300,8.48,362,2011
Ecuador,10560,18.61,697,2011
Estonia,1272,7.6,960,2011
Egipto,129638,72.83,1610,2011
Eritrea,2546,171.57,849,2011
Etiopía,9760,44.57,121,2011
Finland,102829,52.0,19038,2011
Fiyi,1431,50.98,1679,2011
Estados Federados de Micronesia,63,28.6,608,2011
Gabón,2803,21.43,1677,2011
Granada,575,102.78,5378,2011
Georgia,3079,27.69,685,2011
Ghana,12030,31.22,461,2011
Gambia,499,49.24,251,2011
Guinea,2621,53.85,235,2011
Guinea Ecuatorial,1100,7.17,1107,2011
Greece,356235,175.1,32133,2011
Guatemala,8099,23.77,548,2011
Guinea-Bisáu,379,45.62,254,2011
Guyana,1236,51.67,1650,2011
Hong Kong,1035,0.57,146,2011
Honduras,3136,24.65,367,2011
Croacia,28520,63.1,6670,2011
Haití,2084,22.29,210,2011
Hungría,72882,80.5,7338,2011
Indonesia,148256,23.11,613,2011
EIRE,189724,109.6,41341,2011
Israel,129254,67.19,16650,2011
India,899916,68.7,714,2011
Irak,54348,40.72,1711,2011
Irán,55092,10.62,733,2011
Iceland,10184,99.1,31867,2011
Jamaica,14678,135.94,5430,2011
Jordania,13167,56.14,1852,2011
Kenia,11938,35.69,302,2011
Kirguistán,2229,50.06,407,2011
Camboya,2738,23.74,186,2011
Kiribati,13,8.8,121,2011
Comoras,203,27.56,302,2011
San Cristóbal y Nieves,764,127.07,16246,2011
Korea,297760,31.7,5963,2011
Kuwait,5136,4.64,1582,2011
Kazajistán,14064,10.16,849,2011
Laos,2770,43.01,432,2011
Lebanon,38554,134.39,7642,2011
Santa Lucía,622,54.94,3618,2011
Liechtenstein,17,0.37,466,2011
Sri Lanka,33786,69.43,1656,2011
Liberia,382,22.52,95,2011
Lesoto,668,36.17,332,2011
Lithuania,11632,37.4,3873,2011
Luxemburgo,8201,18.5,15626,2011
Letonia,8949,46.6,4376,2011
Libia,6636,26.61,1046,2011
Marruecos,38275,48.56,1175,2011
Moldavia,1464,24.2,411,2011
Montenegro,1586,48.97,2557,2011
Madagascar,2486,29.95,119,2011
Islas Marshall,45,35.92,841,2011
Macedonia del Norte,2092,27.73,1016,2011
Malí,2237,20.14,136,2011
Myanmar,19107,49.94,386,2011
Mongolia,2442,32.65,869,2011
Mauritania,1893,38.84,562,2011
Malta,4848,68.9,11611,2011
Mauricio,4741,54.87,3787,2011
Maldivas,980,51.86,3014,2011
Malaui,1614,19.98,100,2011
México,363542,41.17,3122,2011
Malasia,112688,51.9,3877,2011
Mozambique,3588,34.16,148,2011
Namibia,2450,27.45,1152,2011
Níger,928,14.75,54,2011
Nigeria,52597,12.38,307,2011
Nicaragua,2022,28.79,337,2011
Netherlands,401579,61.2,24003,2011
Norway,98943,27.5,19845,2011
Nepal,5052,32.43,184,2011
Nauru,118,236.82,11794,2011
Nueva Zelanda,41653,34.68,9497,2011
Omán,2474,4.44,751,2011
Panamá,9207,35.91,2472,2011
Perú,28355,23.11,981,2011
Papúa Nueva Guinea,2104,16.28,290,2011
Filipinas,76462,45.43,807,2011
Pakistán,93031,56.15,525,2011
Poland,192177,54.8,5049,2011
Estado de Palestina,2113,26.29,512,2011
Palaos,43,30.59,2395,2011
Paraguay,2679,11.05,469,2011
Catar,40354,33.47,23286,2011
Rumanía,43934,32.3,2186,2011
Serbia,16939,45.98,2347,2011
Rusia,152060,10.34,1063,2011
Ruanda,926,18.94,91,2011
Saudi Arabia,25963,5.31,1035,2011
Islas Salomón,138,18.1,237,2011
Seychelles,604,82.51,6560,2011
Sudán,37296,78.11,1142,2011
Sweden,157124,37.8,16569,2011
Singapore,209758,103.13,40463,2011
Eslovenia,17220,46.8,8377,2011
Eslovaquia,30994,43.3,5735,2011
Sierra Leona,889,25.77,139,2011
San Marino,217,16.62,6502,2011
Senegal,4208,32.88,323,2011
Surinam,638,18.74,1179,2011
Sudán del Sur,0,0.0,0,2011
Santo Tomé y Príncipe,141,86.02,757,2011
El Salvador,9561,65.6,1570,2011
Siria,12083,31.21,573,2009
Eswatini,509,14.59,493,2011
Chad,2676,22.32,216,2011
Togo,1440,36.98,208,2011
Thailand,104825,39.12,1519,2011
Tayikistán,1664,35.51,213,2011
Timor Oriental,0,0.0,0,2011
Turkmenistán,2945,14.76,549,2011
Túnez,14985,43.34,1377,2011
Tonga,155,51.85,1503,2011
Türkiye,210712,34.77,2820,2011
Trinidad y Tobago,7031,39.23,5263,2011
Tuvalu,5,19.09,481,2011
Taiwan,133338,38.34,5741,2011
Tanzania,7021,28.43,159,2011
Ucrania,43205,35.53,951,2011
Uganda,3549,17.96,113,2011
Uruguay,15521,41.26,4548,2011
Uzbekistán,2739,5.65,94,2011
San Vicente y las Granadinas,328,63.99,3012,2011
Venezuela,64973,52.48,2226,2011
Viet Nam,44557,36.19,507,2011
Vanuatu,113,19.25,461,2011
Samoa,222,41.53,1188,2011
Yemen,10752,45.73,390,2011
RSA,114510,34.74,2190,2011
Zambia,3507,20.81,243,2011
Zimbabue,3617,30.02,290,2011
