Country,Year,PIB anual (M€)
Spain,2009,1072990
Germany,2009,2493970
United Kingdom,2009,1738067
France,2009,1935840
Italy,2009,1584107
Portugal,2009,175416
Zona Euro,2009,9275870
USA,2009,10391432
Japan,2009,3614690
China,2009,3715365
Andorra,2009,2645
United Arab Emirates,2009,181980
Afganistán,2009,8660
Antigua y Barbuda,2009,996
Albania,2009,8872
Armenia,2009,6207
Angola,2009,58643
Argentina,2009,240178
Austria,2009,286274
Australia,2009,720766
Azerbaiyán,2009,31794
Bosnia y Herzegovina,2009,12679
Barbados,2009,3841
Bangladés,2009,88109
Belgium,2009,347735
Burkina Faso,2009,6775
Bulgaria,2009,37417
Bahrain,2009,17163
Burundi,2009,1274
Benin,2009,6982
Brunéi,2009,8535
Bolivia,2009,14406
Brazil,2009,1198049
Bahamas,2009,7164
Bután,2009,914
Botsuana,2009,7262
Bielorrusia,2009,36501
Belice,2009,1212
Canada,2009,987971
República Democrática del Congo,2009,13369
República Centroafricana,2009,1482
República del Congo,2009,6971
Switzerland,2009,406171
Costa de Marfil,2009,24183
Chile,2009,123303
Camerún,2009,20027
Colombia,2009,166852
Costa Rica,2009,22068
Cuba,2009,41212
Cabo Verde,2009,1329
Cyprus,2009,18676
Czech Republic,2009,149253
Yibuti,2009,1023
Denmark,2009,232270
Dominica,2009,351
República Dominicana,2009,34653
Argelia,2009,107888
Ecuador,2009,43132
Estonia,2009,14133
Egipto,2009,142339
Eritrea,2009,931
Etiopía,2009,20579
Finland,2009,181735
Fiyi,2009,2229
Estados Federados de Micronesia,2009,199
Gabón,2009,8748
Granada,2009,553
Georgia,2009,7945
Ghana,2009,26647
Gambia,2009,1041
Guinea,2009,4847
Guinea Ecuatorial,2009,10818
Greece,2009,234323
Guatemala,2009,27272
Guinea-Bisáu,2009,638
Guyana,2009,1863
Hong Kong,2009,153630
Honduras,2009,10469
Croacia,2009,45861
Haití,2009,8324
Hungría,2009,94417
Indonesia,2009,415266
EIRE,2009,169408
Israel,2009,152958
India,2009,963123
Irak,2009,80143
Irán,2009,365396
Iceland,2009,9461
Jamaica,2009,8915
Jordania,2009,19710
Kenia,2009,30394
Kirguistán,2009,3366
Camboya,2009,9186
Kiribati,2009,102
Comoras,2009,649
San Cristóbal y Nieves,2009,556
Corea del Norte,2009,8629
Korea,2009,705431
Kuwait,2009,76074
Kazajistán,2009,82762
Laos,2009,4616
Lebanon,2009,25408
Santa Lucía,2009,1005
Liechtenstein,2009,3246
Sri Lanka,2009,35707
Liberia,2009,1267
Lesoto,2009,1390
Lithuania,2009,26974
Luxemburgo,2009,39051
Letonia,2009,18407
Libia,2009,43615
Marruecos,2009,72158
Mónaco,2009,3925
Moldavia,2009,3903
Montenegro,2009,2982
Madagascar,2009,6902
Islas Marshall,2009,108
Macedonia del Norte,2009,6767
Malí,2009,8548
Myanmar,2009,22017
Mongolia,2009,3290
Mauritania,2009,3391
Malta,2009,6288
Mauricio,2009,6641
Maldivas,2009,1683
Malaui,2009,6261
México,2009,677140
Malasia,2009,152050
Mozambique,2009,8802
Namibia,2009,6399
Níger,2009,5257
Nigeria,2009,305700
Nicaragua,2009,5955
Netherlands,2009,630173
Norway,2009,285073
Nepal,2009,10524
Nauru,2009,34
Nueva Zelanda,2009,87566
Omán,2009,39801
Panamá,2009,19947
Perú,2009,87870
Papúa Nueva Guinea,2009,8339
Filipinas,2009,126416
Pakistán,2009,134270
Poland,2009,317877
Estado de Palestina,2009,5804
Palaos,2009,132
Paraguay,2009,16045
Catar,2009,63302
Rumanía,2009,125220
Serbia,2009,33776
Rusia,2009,938748
Ruanda,2009,4023
Saudi Arabia,2009,307980
Islas Salomón,2009,578
Seychelles,2009,608
Sudán,2009,39341
Sweden,2009,313034
Singapore,2009,139349
Eslovenia,2009,35830
Eslovaquia,2009,64055
Sierra Leona,2009,2724
San Marino,2009,1480
Senegal,2009,11576
Somalia,2009,2114
Surinam,2009,2979
Sudán del Sur,2009,8769
Santo Tomé y Príncipe,2009,144
El Salvador,2009,12634
Siria,2009,38714
Eswatini,2009,2506
Chad,2009,8831
Togo,2009,3386
Thailand,2009,202194
Tayikistán,2009,3572
Timor Oriental,2009,522
Turkmenistán,2009,13519
Túnez,2009,32724
Tonga,2009,224
Türkiye,2009,468545
Trinidad y Tobago,2009,14010
Tuvalu,2009,20
Taiwan,2009,280512
Tanzania,2009,21030
Ucrania,2009,86947
Uganda,2009,17302
Uruguay,2009,24809
Uzbekistán,2009,33434
San Vicente y las Granadinas,2009,512
Venezuela,2009,192801
Viet Nam,2009,92604
Vanuatu,2009,468
Samoa,2009,444
Yemen,2009,18037
RSA,2009,237703
Zambia,2009,11004
Zimbabue,2009,10251
Spain,2010,1077145
Germany,2010,2615260
United Kingdom,2010,1872176
France,2010,1996075
Italy,2010,1617945
Portugal,2010,179860
Zona Euro,2010,9538992
USA,2010,11342317
Japan,2010,4149900
China,2010,4626833
Andorra,2010,2602
United Arab Emirates,2010,231939
Afganistán,2010,11550
Antigua y Barbuda,2010,978
Albania,2010,9117
Armenia,2010,6979
Angola,2010,72013
Argentina,2010,320116
Austria,2010,294051
Australia,2010,948486
Azerbaiyán,2010,39877
Bosnia y Herzegovina,2010,12969
Barbados,2010,4092
Bangladés,2010,104081
Belgium,2010,363242
Burkina Faso,2010,7626
Bulgaria,2010,38289
Bahrain,2010,20204
Burundi,2010,1532
Benin,2010,7192
Brunéi,2010,10334
Bolivia,2010,17107
Brazil,2010,1664686
Bahamas,2010,7609
Bután,2010,1152
Botsuana,2010,9524
Bielorrusia,2010,43126
Belice,2010,1318
Canada,2010,1218983
República Democrática del Congo,2010,16838
República Centroafricana,2010,1616
República del Congo,2010,9918
Switzerland,2010,460894
Costa de Marfil,2010,25950
Chile,2010,163631
Camerún,2010,20749
Colombia,2010,215932
Costa Rica,2010,28381
Cuba,2010,44929
Cabo Verde,2010,1375
Cyprus,2010,19461
Czech Republic,2010,159506
Yibuti,2010,1164
Denmark,2010,243430
Dominica,2010,372
República Dominicana,2010,40595
Argelia,2010,133995
Ecuador,2010,51365
Estonia,2010,14742
Egipto,2010,173368
Eritrea,2010,1198
Etiopía,2010,20265
Finland,2010,188147
Fiyi,2010,2564
Estados Federados de Micronesia,2010,220
Gabón,2010,10841
Granada,2010,581
Georgia,2010,9365
Ghana,2010,34253
Gambia,2010,1163
Guinea,2010,5169
Guinea Ecuatorial,2010,12306
Greece,2010,223591
Guatemala,2010,31273
Guinea-Bisáu,2010,709
Guyana,2010,2177
Hong Kong,2010,172324
Honduras,2010,11936
Croacia,2010,45984
Haití,2010,8933
Hungría,2010,99563
Indonesia,2010,569110
EIRE,2010,167151
Israel,2010,180414
India,2010,1262900
Irak,2010,104399
Irán,2010,451135
Iceland,2010,10513
Jamaica,2010,10201
Jordania,2010,22764
Kenia,2010,34222
Kirguistán,2010,3613
Camboya,2010,10341
Kiribati,2010,125
Comoras,2010,685
San Cristóbal y Nieves,2010,587
Corea del Norte,2010,10519
Korea,2010,898947
Kuwait,2010,86977
Kazajistán,2010,111582
Laos,2010,5657
Lebanon,2010,28975
Santa Lucía,2010,1118
Liechtenstein,2010,3840
Sri Lanka,2010,44199
Liberia,2010,1482
Lesoto,2010,1776
Lithuania,2010,27663
Luxemburgo,2010,42403
Letonia,2010,17572
Libia,2010,56814
Marruecos,2010,76033
Mónaco,2010,4049
Moldavia,2010,5259
Montenegro,2010,3121
Madagascar,2010,7524
Islas Marshall,2010,121
Macedonia del Norte,2010,7108
Malí,2010,9374
Myanmar,2010,28528
Mongolia,2010,5415
Mauritania,2010,4249
Malta,2010,6862
Mauricio,2010,7641
Maldivas,2010,1951
Malaui,2010,7383
México,2010,833151
Malasia,2010,194936
Mozambique,2010,8601
Namibia,2010,8502
Níger,2010,5907
Nigeria,2010,397053
Nicaragua,2010,6602
Netherlands,2010,643022
Norway,2010,332350
Nepal,2010,13757
Nauru,2010,38
Nueva Zelanda,2010,109845
Omán,2010,48986
Panamá,2010,22785
Perú,2010,112502
Papúa Nueva Guinea,2010,10741
Filipinas,2010,157046
Pakistán,2010,148261
Poland,2010,360891
Estado de Palestina,2010,7297
Palaos,2010,139
Paraguay,2010,20447
Catar,2010,90222
Rumanía,2010,128305
Serbia,2010,32841
Rusia,2010,1230865
Ruanda,2010,4561
Saudi Arabia,2010,398106
Islas Salomón,2010,677
Seychelles,2010,731
Sudán,2010,49530
Sweden,2010,372382
Singapore,2010,180742
Eslovenia,2010,36051
Eslovaquia,2010,68727
Sierra Leona,2010,3146
San Marino,2010,1419
Senegal,2010,12160
Somalia,2010,2027
Surinam,2010,3525
Sudán del Sur,2010,10902
Santo Tomé y Príncipe,2010,144
El Salvador,2010,13904
Siria,2010,45254
Eswatini,2010,3248
Chad,2010,10604
Togo,2010,3580
Thailand,2010,257089
Tayikistán,2010,4252
Timor Oriental,2010,665
Turkmenistán,2010,16070
Túnez,2010,34828
Tonga,2010,277
Türkiye,2010,589055
Trinidad y Tobago,2010,16975
Tuvalu,2010,25
Taiwan,2010,334852
Tanzania,2010,24013
Ucrania,2010,102271
Uganda,2010,18603
Uruguay,2010,33138
Uzbekistán,2010,41868
San Vicente y las Granadinas,2010,543
Venezuela,2010,239886
Viet Nam,2010,107995
Vanuatu,2010,543
Samoa,2010,513
Yemen,2010,23294
RSA,2010,314528
Zambia,2010,15273
Zimbabue,2010,13013
Spain,2011,1068690
Germany,2011,2746910
United Kingdom,2011,1912869
France,2011,2062141
Italy,2011,1657362
Portugal,2011,176318
Zona Euro,2011,9824849
USA,2011,11209034
Japan,2011,4247574
China,2011,5481302
Andorra,2011,2607
United Arab Emirates,2011,265056
Afganistán,2011,12855
Antigua y Barbuda,2011,925
Albania,2011,9328
Armenia,2011,7287
Angola,2011,90214
Argentina,2011,379134
Austria,2011,308167
Australia,2011,1092498
Azerbaiyán,2011,47389
Bosnia y Herzegovina,2011,13412
Barbados,2011,3997
Bangladés,2011,110725
Belgium,2011,378745
Burkina Faso,2011,8679
Bulgaria,2011,41479
Bahrain,2011,21495
Burundi,2011,1607
Benin,2011,7682
Brunéi,2011,13310
Bolivia,2011,20058
Brazil,2011,1878284
Bahamas,2011,7236
Bután,2011,1351
Botsuana,2011,10858
Bielorrusia,2011,44095
Belice,2011,1316
Canada,2011,1288578
República Democrática del Congo,2011,18974
República Centroafricana,2011,1752
República del Congo,2011,11247
Switzerland,2011,523943
Costa de Marfil,2011,25529
Chile,2011,180515
Camerún,2011,22006
Colombia,2011,240687
Costa Rica,2011,30726
Cuba,2011,49563
Cabo Verde,2011,1471
Cyprus,2011,19858
Czech Republic,2011,166546
Yibuti,2011,1250
Denmark,2011,248105
Dominica,2011,360
República Dominicana,2011,41680
Argelia,2011,156880
Ecuador,2011,56755
Estonia,2011,16742
Egipto,2011,178001
Eritrea,2011,1484
Etiopía,2011,21901
Finland,2011,197655
Fiyi,2011,2942
Estados Federados de Micronesia,2011,221
Gabón,2011,13082
Granada,2011,560
Georgia,2011,11119
Ghana,2011,38532
Gambia,2011,1013
Guinea,2011,4868
Guinea Ecuatorial,2011,15344
Greece,2011,203475
Guatemala,2011,34072
Guinea-Bisáu,2011,831
Guyana,2011,2391
Hong Kong,2011,178567
Honduras,2011,12725
Croacia,2011,45759
Haití,2011,9347
Hungría,2011,101987
Indonesia,2011,641634
EIRE,2011,173004
Israel,2011,192381
India,2011,1309937
Irak,2011,133469
Irán,2011,518880
Iceland,2011,11058
Jamaica,2011,10625
Jordania,2011,23453
Kenia,2011,33452
Kirguistán,2011,4454
Camboya,2011,11536
Kiribati,2011,141
Comoras,2011,735
San Cristóbal y Nieves,2011,601
Corea del Norte,2011,11271
Korea,2011,939304
Kuwait,2011,110670
Kazajistán,2011,138410
Laos,2011,6441
Lebanon,2011,28689
Santa Lucía,2011,1127
Liechtenstein,2011,4182
Sri Lanka,2011,48663
Liberia,2011,1681
Lesoto,2011,1847
Lithuania,2011,31066
Luxemburgo,2011,44324
Letonia,2011,19023
Libia,2011,34612
Marruecos,2011,78827
Mónaco,2011,4374
Moldavia,2011,6048
Montenegro,2011,3238
Madagascar,2011,8301
Islas Marshall,2011,124
Macedonia del Norte,2011,7544
Malí,2011,11109
Myanmar,2011,38262
Mongolia,2011,7480
Mauritania,2011,4873
Malta,2011,7033
Mauricio,2011,8388
Maldivas,2011,1889
Malaui,2011,8077
México,2011,883096
Malasia,2011,217131
Mozambique,2011,10504
Namibia,2011,8926
Níger,2011,6290
Nigeria,2011,424921
Nicaragua,2011,7023
Netherlands,2011,656013
Norway,2011,368828
Nepal,2011,15582
Nauru,2011,50
Nueva Zelanda,2011,120105
Omán,2011,55685
Panamá,2011,25643
Perú,2011,122707
Papúa Nueva Guinea,2011,12923
Filipinas,2011,168294
Pakistán,2011,165679
Poland,2011,379541
Estado de Palestina,2011,8038
Palaos,2011,140
Paraguay,2011,24241
Catar,2011,120553
Rumanía,2011,138528
Serbia,2011,36865
Rusia,2011,1470580
Ruanda,2011,4888
Saudi Arabia,2011,489082
Islas Salomón,2011,765
Seychelles,2011,731
Sudán,2011,47746
Sweden,2011,410288
Singapore,2011,200729
Eslovenia,2011,36782
Eslovaquia,2011,71630
Sierra Leona,2011,3448
San Marino,2011,1303
Senegal,2011,12798
Somalia,2011,3609
Surinam,2011,3402
Sudán del Sur,2011,12459
Santo Tomé y Príncipe,2011,164
El Salvador,2011,14575
Siria,2011,48521
Eswatini,2011,3366
Chad,2011,11987
Togo,2011,3895
Thailand,2011,266448
Tayikistán,2011,4687
Timor Oriental,2011,749
Turkmenistán,2011,19958
Túnez,2011,34578
Tonga,2011,298
Türkiye,2011,604836
Trinidad y Tobago,2011,18530
Tuvalu,2011,29
Taiwan,2011,347755
Tanzania,2011,24696
Ucrania,2011,117384
Uganda,2011,19761
Uruguay,2011,37618
Uzbekistán,2011,48461
San Vicente y las Granadinas,2011,513
Venezuela,2011,227405
Viet Nam,2011,123134
Vanuatu,2011,586
Samoa,2011,535
Yemen,2011,23515
RSA,2011,329600
Zambia,2011,16853
Zimbabue,2011,14467
