Países,Fecha,PIB anual,PIB anual.1,PIB anual.2,PIB anual.3,Var. PIB (%),Var. PIB (%).1
España [+],2009,1.072.990 M€,,1.496.588 M$,,"-3,8%",
Alemania [+],2009,2.493.970 M€,,3.478.546 M$,,"-5,5%",
Reino Unido [+],2009,1.738.067 M€,,2.429.285 M$,,"-4,1%",
Francia [+],2009,1.935.840 M€,,2.700.076 M$,,"-2,8%",
Italia [+],2009,1.584.107 M€,,2.209.484 M$,,"-5,3%",
Portugal [+],2009,175.416 M€,,244.668 M$,,"-3,1%",
Zona Euro [+],2009,9.275.870 M€,,13.083.078 M$,,"-4,4%",
Estados Unidos [+],2009,10.391.432 M€,,14.478.100 M$,,"-2,6%",
Japón [+],2009,3.614.690 M€,,5.336.766 M$,,"-5,5%",
China [+],2009,3.715.365 M€,,5.189.577 M$,,"9,4%",
Andorra [+],2009,2.645 M€,,3.675 M$,,"-5,3%",
Emiratos Árabes Unidos [+],2009,181.980 M€,,253.547 M$,,"-5,2%",
Afganistán [+],2009,8.660 M€,,12.066 M$,,"20,6%",
Antigua y Barbuda [+],2009,996 M€,,1.387 M$,,"-12,0%",
Albania [+],2009,8.915 M€,,12.336 M$,,"2,7%",
Armenia [+],2009,6.207 M€,,8.648 M$,,"-14,2%",
Angola [+],2009,58.643 M€,,81.705 M$,,"2,0%",
Argentina [+],2009,240.178 M€,,336.359 M$,,"-5,9%",
Austria [+],2009,286.274 M€,,399.290 M$,,"-3,6%",
Australia [+],2009,720.766 M€,,1.020.563 M$,,"2,2%",
Azerbaiyán [+],2009,31.794 M€,,44.297 M$,,"9,3%",
Bosnia y Herzegovina [+],2009,12.679 M€,,17.666 M$,,"-3,0%",
Barbados [+],2009,3.841 M€,,5.351 M$,,"-4,8%",
Bangladés [+],2009,88.109 M€,,122.760 M$,,"5,0%",
Bélgica [+],2009,347.735 M€,,485.015 M$,,"-1,9%",
Burkina Faso [+],2009,6.775 M€,,9.440 M$,,"3,0%",
Bulgaria [+],2009,37.417 M€,,52.024 M$,,"-3,3%",
Baréin [+],2009,17.163 M€,,23.913 M$,,"2,5%",
Burundi [+],2009,1.274 M€,,1.775 M$,,"3,8%",
Benin [+],2009,6.982 M€,,9.728 M$,,"2,3%",
Brunéi [+],2009,8.535 M€,,11.892 M$,,"-1,9%",
Bolivia [+],2009,14.406 M€,,20.071 M$,,"3,0%",
Brasil [+],2009,1.198.049 M€,,1.666.996 M$,,"-0,1%",
Bahamas [+],2009,7.164 M€,,9.982 M$,,"-4,2%",
Bután [+],2009,914 M€,,1.273 M$,,"6,1%",
Botsuana [+],2009,7.262 M€,,10.118 M$,,"-14,1%",
Bielorrusia [+],2009,36.501 M€,,50.855 M$,,"0,2%",
Belice [+],2009,1.212 M€,,1.688 M$,,"-0,4%",
Canadá [+],2009,987.971 M€,,1.376.509 M$,,"-2,9%",
República Democrática del Congo [+],2009,13.369 M€,,18.626 M$,,"0,6%",
República Centroafricana [+],2009,1.482 M€,,2.065 M$,,"2,8%",
República del Congo [+],2009,6.971 M€,,9.713 M$,,"11,6%",
Suiza [+],2009,406.171 M€,,563.638 M$,,"-1,9%",
Costa de Marfil [+],2009,24.183 M€,,33.693 M$,,"3,3%",
Chile [+],2009,123.303 M€,,171.413 M$,,"-1,1%",
Camerún [+],2009,20.027 M€,,27.933 M$,,"2,6%",
Colombia [+],2009,166.852 M€,,232.469 M$,,"1,1%",
Costa Rica [+],2009,22.068 M€,,30.746 M$,,"-0,9%",
Cuba [+],2009,41.212 M€,,57.481 M$,,"1,5%",
Cabo Verde [+],2009,1.329 M€,,1.852 M$,,"-1,5%",
Chipre [+],2009,18.676 M€,,26.048 M$,,"-2,0%",
Chequia [+],2009,149.253 M€,,206.972 M$,,"-4,8%",
Yibuti [+],2009,1.023 M€,,1.426 M$,,"1,6%",
Dinamarca [+],2009,232.270 M€,,322.621 M$,,"-5,0%",
Dominica [+],2009,351 M€,,489 M$,,"-1,2%",
República Dominicana [+],2009,34.653 M€,,48.281 M$,,"1,0%",
Argelia [+],2009,107.888 M€,,150.317 M$,,"1,2%",
Ecuador [+],2009,43.132 M€,,60.095 M$,,"1,1%",
Estonia [+],2009,14.133 M€,,19.643 M$,,"-14,6%",
Egipto [+],2009,142.339 M€,,198.316 M$,,"4,7%",
Eritrea [+],2009,931 M€,,1.297 M$,,"12,2%",
Etiopía [+],2009,20.579 M€,,28.672 M$,,"10,0%",
Finlandia [+],2009,181.735 M€,,253.481 M$,,"-8,1%",
Fiyi [+],2009,2.229 M€,,3.106 M$,,"-1,4%",
Estados Federados de Micronesia [+],2009,199 M€,,277 M$,,"1,1%",
Gabón [+],2009,8.748 M€,,12.188 M$,,"-1,2%",
Granada [+],2009,553 M€,,771 M$,,"-6,6%",
Georgia [+],2009,7.945 M€,,11.069 M$,,"-3,7%",
Ghana [+],2009,26.647 M€,,37.127 M$,,"5,7%",
Gambia [+],2009,1.041 M€,,1.450 M$,,"6,7%",
Guinea [+],2009,4.847 M€,,6.753 M$,,"-1,5%",
Guinea Ecuatorial [+],2009,10.818 M€,,15.072 M$,,"1,3%",
Grecia [+],2009,234.323 M€,,326.829 M$,,"-4,1%",
Guatemala [+],2009,27.272 M€,,37.997 M$,,"0,5%",
Guinea-Bisáu [+],2009,638 M€,,889 M$,,"2,4%",
Guyana [+],2009,1.863 M€,,2.596 M$,,"3,3%",
Hong Kong [+],2009,153.630 M€,,214.048 M$,,"-2,5%",
Honduras [+],2009,10.469 M€,,14.586 M$,,"-2,4%",
Croacia [+],2009,45.861 M€,,63.707 M$,,"-6,8%",
Haití [+],2009,8.324 M€,,11.598 M$,,"5,9%",
Hungría [+],2009,94.417 M€,,130.807 M$,,"-6,7%",
Indonesia [+],2009,415.266 M€,,578.577 M$,,"4,7%",
Irlanda [+],2009,169.408 M€,,236.287 M$,,"-5,1%",
Israel [+],2009,152.958 M€,,213.111 M$,,"1,2%",
India [+],2009,963.123 M€,,1.297.640 M$,,"8,5%",
Irak [+],2009,80.143 M€,,111.660 M$,,"3,4%",
Irán [+],2009,365.396 M€,,509.095 M$,,"1,0%",
Islandia [+],2009,9.461 M€,,13.213 M$,,"-8,3%",
Jamaica [+],2009,8.915 M€,,12.421 M$,,"-3,4%",
Jordania [+],2009,19.710 M€,,27.462 M$,,"5,1%",
Kenia [+],2009,30.394 M€,,42.347 M$,,"3,3%",
Kirguistán [+],2009,3.366 M€,,4.690 M$,,"2,9%",
Camboya [+],2009,9.186 M€,,12.509 M$,,"4,1%",
Kiribati [+],2009,102 M€,,142 M$,,"0,5%",
Comoras [+],2009,649 M€,,904 M$,,"3,2%",
San Cristóbal y Nieves [+],2009,556 M€,,774 M$,,"-3,4%",
Corea del Norte [+],2009,8.629 M€,,12.035 M$,,"-0,9%",
Corea del Sur [+],2009,705.431 M€,,944.330 M$,,"0,8%",
Kuwait [+],2009,76.074 M€,,105.992 M$,,"-7,1%",
Kazajistán [+],2009,82.762 M€,,115.309 M$,,"1,2%",
Laos [+],2009,4.616 M€,,6.431 M$,,"7,4%",
Líbano [+],2009,25.408 M€,,35.400 M$,,"10,2%",
Santa Lucía [+],2009,1.005 M€,,1.400 M$,,"-1,9%",
Liechtenstein [+],2009,3.246 M€,,4.891 M$,,"-0,1%",
Sri Lanka [+],2009,35.707 M€,,49.750 M$,,"3,5%",
Liberia [+],2009,1.267 M€,,1.765 M$,,"5,2%",
Lesoto [+],2009,1.390 M€,,1.937 M$,,"0,5%",
Lituania [+],2009,26.974 M€,,37.493 M$,,"-14,8%",
Luxemburgo [+],2009,39.051 M€,,54.467 M$,,"-3,2%",
Letonia [+],2009,18.407 M€,,25.694 M$,,"-16,0%",
Libia [+],2009,43.615 M€,,60.767 M$,,"-4,4%",
Marruecos [+],2009,72.158 M€,,100.535 M$,,"4,2%",
Mónaco [+],2009,3.925 M€,,5.474 M$,,"-11,3%",
Moldavia [+],2009,3.903 M€,,5.438 M$,,"-6,0%",
Montenegro [+],2009,2.982 M€,,4.155 M$,,"-6,0%",
Madagascar [+],2009,6.902 M€,,9.718 M$,,"-4,0%",
Islas Marshall [+],2009,108 M€,,151 M$,,"3,7%",
Macedonia del Norte [+],2009,6.767 M€,,9.402 M$,,"-0,4%",
Malí [+],2009,8.548 M€,,11.909 M$,,"4,9%",
Myanmar [+],2009,22.017 M€,,30.675 M$,,"4,4%",
Mongolia [+],2009,3.290 M€,,4.584 M$,,"-2,1%",
Mauritania [+],2009,3.391 M€,,4.725 M$,,"0,1%",
Malta [+],2009,6.288 M€,,8.770 M$,,"-1,4%",
Mauricio [+],2009,6.641 M€,,9.252 M$,,"3,3%",
Maldivas [+],2009,1.683 M€,,2.345 M$,,"-8,2%",
Malaui [+],2009,6.261 M€,,8.723 M$,,"8,3%",
México [+],2009,677.140 M€,,943.437 M$,,"-6,3%",
Malasia [+],2009,152.050 M€,,211.847 M$,,"-1,5%",
Mozambique [+],2009,8.802 M€,,12.264 M$,,"5,9%",
Namibia [+],2009,6.399 M€,,8.915 M$,,"0,3%",
Níger [+],2009,5.257 M€,,7.324 M$,,"2,0%",
Nigeria [+],2009,305.700 M€,,425.922 M$,,"8,4%",
Nicaragua [+],2009,5.955 M€,,8.297 M$,,"-3,3%",
Países Bajos [+],2009,630.173 M€,,878.954 M$,,"-3,7%",
Noruega [+],2009,285.073 M€,,395.662 M$,,"-1,6%",
Nepal [+],2009,10.524 M€,,14.663 M$,,"4,5%",
Nauru [+],2009,34 M€,,47 M$,,"-5,7%",
Nueva Zelanda [+],2009,87.566 M€,,121.665 M$,,"2,1%",
Omán [+],2009,39.801 M€,,55.454 M$,,"6,0%",
Panamá [+],2009,19.947 M€,,27.791 M$,,"1,6%",
Perú [+],2009,87.870 M€,,122.427 M$,,"1,1%",
Papúa Nueva Guinea [+],2009,8.339 M€,,11.619 M$,,"6,8%",
Filipinas [+],2009,126.416 M€,,176.132 M$,,"1,4%",
Pakistán [+],2009,134.270 M€,,187.074 M$,,"1,1%",
Polonia [+],2009,317.877 M€,,440.892 M$,,"2,6%",
Estado de Palestina [+],2009,5.804 M€,,8.086 M$,,"8,6%",
Palaos [+],2009,132 M€,,184 M$,,"-6,2%",
Paraguay [+],2009,16.045 M€,,22.355 M$,,"-0,3%",
Catar [+],2009,63.302 M€,,88.196 M$,,"13,1%",
Rumanía [+],2009,125.220 M€,,174.111 M$,,"-5,5%",
Serbia [+],2009,33.776 M€,,46.939 M$,,"-3,1%",
Rusia [+],2009,938.748 M€,,1.313.235 M$,,"-7,8%",
Ruanda [+],2009,4.023 M€,,5.605 M$,,"6,2%",
Arabia Saudita [+],2009,307.980 M€,,429.098 M$,,"-1,1%",
Islas Salomón [+],2009,578 M€,,806 M$,,"2,9%",
Seychelles [+],2009,608 M€,,847 M$,,"-1,1%",
Sudán [+],2009,39.341 M€,,54.812 M$,,"-2,8%",
Suecia [+],2009,313.034 M€,,434.311 M$,,"-4,3%",
Singapur [+],2009,139.349 M€,,194.150 M$,,"0,1%",
Eslovenia [+],2009,35.830 M€,,49.976 M$,,"-7,6%",
Eslovaquia [+],2009,64.055 M€,,89.343 M$,,"-5,5%",
Sierra Leona [+],2009,2.724 M€,,3.795 M$,,"1,3%",
San Marino [+],2009,1.480 M€,,2.062 M$,,"-10,2%",
Senegal [+],2009,11.576 M€,,16.146 M$,,"2,8%",
Somalia [+],2009,2.114 M€,,2.949 M$,,"6,7%",
Surinam [+],2009,2.979 M€,,4.150 M$,,"3,0%",
Sudán del Sur [+],2009,8.769 M€,,12.231 M$,,"5,0%",
Santo Tomé y Príncipe [+],2009,144 M€,,201 M$,,"3,3%",
El Salvador [+],2009,12.634 M€,,17.602 M$,,"-2,1%",
Siria [+],2009,38.714 M€,,53.939 M$,,"5,9%",
Eswatini [+],2009,2.506 M€,,3.491 M$,,"1,6%",
Chad [+],2009,8.831 M€,,12.304 M$,,"-1,3%",
Togo [+],2009,3.386 M€,,4.717 M$,,"5,5%",
Tailandia [+],2009,202.194 M€,,281.711 M$,,"-0,7%",
Tayikistán [+],2009,3.572 M€,,4.977 M$,,"3,9%",
Timor Oriental [+],2009,522 M€,,727 M$,,"10,1%",
Turkmenistán [+],2009,13.519 M€,,18.836 M$,,"6,1%",
Túnez [+],2009,32.724 M€,,45.593 M$,,"3,0%",
Tonga [+],2009,224 M€,,312 M$,,"-5,2%",
Türkiye [+],2009,468.545 M€,,653.895 M$,,"-4,9%",
Trinidad y Tobago [+],2009,14.010 M€,,19.520 M$,,"-4,8%",
Tuvalu [+],2009,20 M€,,28 M$,,"-5,6%",
Taiwan [+],2009,280.512 M€,,390.829 M$,,"-1,6%",
Tanzania [+],2009,21.030 M€,,29.301 M$,,"5,4%",
Ucrania [+],2009,86.947 M€,,121.552 M$,,"-15,1%",
Uganda [+],2009,17.302 M€,,24.107 M$,,"8,1%",
Uruguay [+],2009,24.809 M€,,34.565 M$,,"4,2%",
Uzbekistán [+],2009,33.434 M€,,46.582 M$,,"8,1%",
San Vicente y las Granadinas [+],2009,512 M€,,714 M$,,"-1,2%",
Venezuela [+],2009,192.801 M€,,268.624 M$,,"-3,2%",
Viet Nam [+],2009,92.604 M€,,129.022 M$,,"5,4%",
Vanuatu [+],2009,468 M€,,652 M$,,"3,0%",
Samoa [+],2009,444 M€,,618 M$,,"-0,5%",
Yemen [+],2009,18.037 M€,,25.130 M$,,"3,9%",
Sudáfrica [+],2009,237.703 M€,,329.754 M$,,"-1,5%",
Zambia [+],2009,11.004 M€,,15.332 M$,,"9,2%",
Zimbabue [+],2009,10.251 M€,,14.282 M$,,"7,4%",
< PIB 2008PIB 2010 >,< PIB 2008PIB 2010 >,< PIB 2008PIB 2010 >,< PIB 2008PIB 2010 >,< PIB 2008PIB 2010 >,< PIB 2008PIB 2010 >,,
